ZIP;NAME;TYPE;A0_NAME;A1_NAME;A2_NAME;A3_NAME;A4_NAME;A5_NAME;A6_NAME;A7_NAME;A8_NAME;X_COORDINATE;Y_COORDINATE;SERVICE_HOURS;TEMP_SERVICE_HOURS;TEMP_SERVICE_HOURS_UNTIL;TEMP_SERVICE_HOURS_2;TEMP_SERVICE_HOURS_2_UNTIL;comment_est;comment_eng;comment_rus;comment_lav;comment_lit;MODIFIED
96331;1. eelistus/Picapac pakiautomaat;0;EE;;1. eelistus Omnivas;;;1. eelistus Omnivas;;;;24.793373;59.430318;;;;;;;;;;;2023-09-12T10:18:52.167+03:00
96243;Abja Coop Konsumi pakiautomaat;0;EE;Viljandi maakond;Mulgi vald;Abja-Paluoja linn;;Pärnu mnt;;13;;25.355809;58.125803;;;;;;;;;;;2025-01-08T12:04:56.990+02:00
96280;Aegviidu Meie kaupluse pakiautomaat;0;EE;Harju maakond;Anija vald;Aegviidu alev;;Piibe mnt;;8;;25.606367;59.288383;;;;;;;;;;;2025-01-08T10:51:45.203+02:00
96389;Ahtme Estonia pst Grossi pakiautomaat;0;EE;Ida-Viru maakond;Kohtla-Järve linn;Ahtme linnaosa;;Estonia pst;;30a;;27.42628;59.329987;;;;;;;;;;;2025-01-09T16:23:24.327+02:00
96142;Ahtme Maleva Grossi pakiautomaat;0;EE;Ida-Viru maakond;Kohtla-Järve linn;Ahtme linnaosa;;Maleva tn;;23;;27.420557;59.327631;;;;;;;;;;;2025-03-05T08:16:30.967+02:00
96123;Ahtme Maxima XX pakiautomaat;0;EE;Ida-Viru maakond;Kohtla-Järve linn;Ahtme linnaosa;;Puru tee;;77;;27.420083;59.337433;;;;;;;;;;;2025-01-17T13:48:47.187+02:00
96401;Ala Coop kaupluse pakiautomaat;0;EE;Valga maakond;Tõrva vald;Ala küla;;;Ala kauplus;;;25.701641;58.009962;;;;;;;;;;;2025-01-10T13:31:21.567+02:00
96287;Alatskivi Coop Konsumi pakiautomaat;0;EE;Tartu maakond;Peipsiääre vald;Alatskivi alevik;;Lossi tn;;1a;;27.132467;58.600633;;;;;;;;;;;2025-01-08T10:54:54.537+02:00
96367;Alavere pakiautomaat;0;EE;Harju maakond;Anija vald;Alavere küla;;Oja tn;;1;;25.328394;59.245228;;;;;;;;;;;2025-01-09T16:16:06.767+02:00
96118;Antsla Coop Konsumi pakiautomaat;0;EE;Võru maakond;Antsla vald;Antsla linn;;F. R. Kreutzwaldi tn;;4a;;26.529852;57.828349;;;;;;;;;;;2025-01-17T13:47:18.087+02:00
96230;Aravete Meie kaupluse pakiautomaat;0;EE;Järva maakond;Järva vald;Aravete alevik;;Piibe mnt;;16;;25.751629;59.144507;;;;;;;;;;;2025-01-08T11:58:45.543+02:00
96328;Are pakiautomaat;0;EE;Pärnu maakond;Tori vald;Are alevik;;Pärivere tee;;17;;24.564522;58.518677;;;;;;;;;;;2025-01-09T15:21:23.707+02:00
96204;Aruküla Coop Konsumi pakiautomaat;0;EE;Harju maakond;Raasiku vald;Aruküla alevik;;Tallinna mnt;;8;;25.078314;59.370973;;;;;;;;;;;2025-03-28T15:01:03.870+02:00
96211;Aseri Grossi pakiautomaat;0;EE;Lääne-Viru maakond;Viru-Nigula vald;Aseri alevik;;Tehase tn;;23;;26.866788;59.44963;;;;;;;;;;;2025-01-08T11:52:57.910+02:00
96238;Audru osavallakeskuse pakiautomaat;0;EE;Pärnu maakond;Pärnu linn;Audru alevik;;Pärna allee;;7;;24.356293;58.40785;;;;;;;;;;;2025-01-08T12:03:52.093+02:00
96363;Avinurme pakiautomaat;0;EE;Jõgeva maakond;Mustvee vald;Avinurme alevik;;Võidu tn;;2;;26.864595;58.984656;;;;;;;;;;;2025-01-09T15:32:42.903+02:00
96179;Elva Arbimäe Coop Konsumi pakiautomaat;0;EE;Tartu maakond;Elva vald;Elva linn;;Kirde tn;;3;;26.414144;58.234123;;;;;;;;;;;2025-01-08T11:37:59.503+02:00
96047;Elva Turuplatsi Coop Konsumi pakiautomaat;0;EE;Tartu maakond;Elva vald;Elva linn;;Kesk tn;;1;;26.408822;58.221047;;;;;;;;;;;2025-01-17T11:25:23.480+02:00
96206;Haabneeme Coop Konsumi pakiautomaat;0;EE;Harju maakond;Viimsi vald;Haabneeme alevik;;Rohuneeme tee;;32;;24.819772;59.512901;;;;;;;Accepts same-day deliveries from Tallinn;;;;2025-01-08T11:51:16.233+02:00
96362;Haanja pakiautomaat;0;EE;Võru maakond;Rõuge vald;Haanja küla;;Võru tee;;15;;27.051903;57.718815;;;;;;;;;;;2025-01-09T15:32:22.593+02:00
96128;Haapsalu Kastani pakiautomaat;0;EE;Lääne maakond;Haapsalu linn;Haapsalu linn;;Kuuse tn;;28;;23.551852;58.936246;;;;;;;;;;;2025-04-10T04:00:13.730+03:00
96033;Haapsalu Kaubamaja pakiautomaat;0;EE;Lääne maakond;Haapsalu linn;Haapsalu linn;;Tallinna mnt;;1;;23.541928;58.940735;;;;;;;;;;;2025-01-17T11:20:15.840+02:00
96382;Haaslava Meie kaupluse pakiautomaat;0;EE;Tartu maakond;Kastre vald;Haaslava küla;;Jõe tn;;1;;26.80194;58.324244;;;;;;;;;;;2025-01-09T16:21:29.080+02:00
96249;Haiba Bussijaama pakiautomaat;0;EE;Harju maakond;Saue vald;Haiba küla;;Riisipere tee;;8;;24.469856;59.127655;;;;;;;;;;;2025-01-15T12:35:28.213+02:00
96324;Haljala Grossi pakiautomaat;0;EE;Lääne-Viru maakond;Haljala vald;Haljala alevik;;Võsu mnt;;5;;26.266466;59.433851;;;;;;;;;;;2025-02-14T13:14:53.357+02:00
96352;Halliste Coop Kaupluse pakiautomaat;0;EE;Viljandi maakond;Mulgi vald;Halliste alevik;;Viljandi mnt;;11;;25.439074;58.164135;;;;;;;;;;;2025-01-09T15:29:11.913+02:00
96294;Harku Raamatukogu pakiautomaat;0;EE;Harju maakond;Harku vald;Harku alevik;;Instituudi tee;;5;;24.579619;59.388483;;;;;;;;;;;2025-02-19T09:30:19.727+02:00
96395;Harkujärve Meie kaupluse pakiautomaat;0;EE;Harju maakond;Harku vald;Harkujärve küla;;Liiva tee;;2;;24.590318;59.418733;;;;;;;;;;;2025-05-26T10:13:42.490+03:00
96366;Hummuli Coop kaupluse pakiautomaat;0;EE;Valga maakond;Tõrva vald;Hummuli alevik;;Tamme tee;;2;;26.054674;57.906247;;;;;;;;;;;2025-01-09T15:40:33.883+02:00
96233;Häädemeeste Coop Konsumi pakiautomaat;0;EE;Pärnu maakond;Häädemeeste vald;Häädemeeste alevik;;Pärnu mnt;;40;;24.498441;58.078471;;;;;;;;;;;2025-01-08T12:00:00.223+02:00
96170;Ihaste Coop Konsumi pakiautomaat;0;EE;Tartu maakond;Luunja vald;Veibri küla;;Kasesalu tee;;51;;26.788733;58.35067;;;;;;;;;;;2025-01-30T15:06:26.573+02:00
96189;Iisaku Grossi pakiautomaat;0;EE;Ida-Viru maakond;Alutaguse vald;Iisaku alevik;;Tartu mnt;;55;;27.314466;59.094808;;;;;;;;;;;2025-01-08T11:43:40.300+02:00
96364;Imavere pakiautomaat;0;EE;Järva maakond;Järva vald;Imavere küla;;Viljandi mnt;;11;;25.767748;58.734558;;;;;;;;;;;2025-01-09T15:33:05.783+02:00
96157;Järva-Jaani Grossi pakiautomaat;0;EE;Järva maakond;Järva vald;Järva-Jaani alev;;Lai tn;;23;;25.884212;59.038314;;;;;;;;;;;2025-01-08T11:27:36.260+02:00
96224;Järvakandi Kandi Konsumi pakiautomaat;0;EE;Rapla maakond;Kehtna vald;Järvakandi alev;;Tallinna mnt;;37;;24.816383;58.773187;;;;;;;;;;;2025-01-08T11:56:43.417+02:00
96391;Järveküla Rimi pakiautomaat;0;EE;Harju maakond;Rae vald;Peetri alevik;;Vana-Tartu mnt;;71;;24.829423;59.382434;;;;;;;;;;;2025-05-22T11:37:45.553+03:00
96044;Jõgeva Postkontori pakiautomaat;0;EE;Jõgeva maakond;Jõgeva vald;Jõgeva linn;;Aia tn;;8;;26.396317;58.74712;;;;;;;;;;;2025-05-15T04:00:13.850+03:00
96191;Jõhvi Grossi pakiautomaat;0;EE;Ida-Viru maakond;Jõhvi vald;Jõhvi linn;;Tartu mnt;;15a;;27.412086;59.353167;;;;;;;;;;;2025-01-08T11:44:37.613+02:00
96030;Jõhvi Jewe kaubanduskeskuse pakiautomaat;0;EE;Ida-Viru maakond;Jõhvi vald;Jõhvi linn;;Narva mnt;;8;;27.417864;59.357304;;;;;;;;;;;2025-01-17T11:19:26.663+02:00
96089;Jõhvi Maxima XX pakiautomaat;0;EE;Ida-Viru maakond;Jõhvi vald;Jõhvi linn;;Rakvere tn;;29;;27.401077;59.362392;;;;;;;;;;;2025-01-17T11:37:48.800+02:00
96235;Jõhvi Pargi keskuse pakiautomaat;0;EE;Ida-Viru maakond;Jõhvi vald;Jõhvi linn;;Puru tee;;1;;27.419731;59.352488;;;;;;;;;;;2025-01-08T12:00:30.410+02:00
96079;Jüri Coop Konsumi pakiautomaat;0;EE;Harju maakond;Rae vald;Jüri alevik;;Aruküla tee;;29;;24.912175;59.358314;;;;;;;;;;;2025-05-26T10:15:12.303+03:00
96188;Jüri Grossi pakiautomaat;0;EE;Harju maakond;Rae vald;Jüri alevik;;Aruküla tee;;7;;24.893187;59.354066;;;;;;;;;;;2025-05-26T10:16:15.817+03:00
96289;Kaasiku pakiautomaat;0;EE;Harju maakond;Saue vald;Kaasiku küla;;;Kaasiku;;;24.320954;59.196165;;;;;;;;;;;2025-01-15T12:33:44.490+02:00
96355;Kabala pakiautomaat;0;EE;Rapla maakond;Rapla vald;Kabala küla;;Koikse tee;;7;;24.650278;58.929997;;;;;;;;;;;2025-01-09T15:30:19.847+02:00
96117;Kadrina Coop Konsumi pakiautomaat;0;EE;Lääne-Viru maakond;Kadrina vald;Kadrina alevik;;Viitna tee;;4;;26.130138;59.343816;;;;;;;;;;;2025-01-17T13:46:59.113+02:00
96259;Kaiu Huvikooli pakiautomaat;0;EE;Rapla maakond;Rapla vald;Kaiu alevik;;Kasvandu tee;;15;;25.053936;59.014055;;;;;;;;;;;2025-01-08T12:09:10.777+02:00
96242;Kambja Coop Konsumi pakiautomaat;0;EE;Tartu maakond;Kambja vald;Kambja alevik;;Kesk tn;;2a;;26.694733;58.235193;;;;;;;;;;;2025-01-08T12:04:44.590+02:00
96254;Kanepi Vallamaja pakiautomaat;0;EE;Põlva maakond;Kanepi vald;Kanepi alevik;;Turu põik;;1;;26.758678;57.986935;;;;;;;;;;;2025-01-08T12:07:48.100+02:00
96332;Kareda teeninduskeskuse pakiautomaat;0;EE;Järva maakond;Järva vald;Peetri alevik;;Kesktee;;11;;25.835624;58.943969;;;;;;;;;;;2025-01-09T15:22:42.433+02:00
96110;Karksi-Nuia Coop Konsumi pakiautomaat;0;EE;Viljandi maakond;Mulgi vald;Karksi-Nuia linn;;Rahumäe tn;;1;;25.547916;58.104258;;;;;;;;;;;2025-01-17T13:36:29.997+02:00
96114;Kehra Coop Konsumi pakiautomaat;0;EE;Harju maakond;Anija vald;Kehra linn;;Kose mnt;;9;;25.332838;59.333827;;;;;;;;;;;2025-01-17T13:42:38.437+02:00
96221;Kehtna Coop kaupluse pakiautomaat;0;EE;Rapla maakond;Kehtna vald;Kehtna alevik;;Lasteaia tn;;12;;24.871609;58.925931;;;;;;;;;;;2025-01-08T11:55:33.927+02:00
96172;Keila Grossi pakiautomaat;0;EE;Harju maakond;Keila linn;;;Piiri tn;;5;;24.417616;59.312293;;;;;;;;;;;2025-01-08T11:35:40.333+02:00
96229;Keila Maxima X pakiautomaat;0;EE;Harju maakond;Keila linn;;;Tallinna mnt;;25;;24.432775;59.310719;;;;;;;;;;;2025-01-08T11:58:31.073+02:00
96049;Keila Rõõmu kaubamaja pakiautomaat;0;EE;Harju maakond;Keila linn;;;Haapsalu mnt;;57a;;24.398912;59.307554;;;;;;;;;;;2025-01-17T13:09:24.470+02:00
88999;Kihnu pakiväljastus;0;EE;Pärnu maakond;Kihnu vald;Linaküla;;;Kooli;1;;23.982259;58.132415;;;;;;;;;;;2025-05-05T13:59:27.380+03:00
96155;Kiili Coop Konsumi pakiautomaat;0;EE;Harju maakond;Kiili vald;Kiili alev;;Nabala tee;;4;;24.837485;59.30749;;;;;;;;;;;2025-01-08T11:27:00.203+02:00
96159;Kiisa Coop kaupluse pakiautomaat;0;EE;Harju maakond;Saku vald;Kiisa alevik;;Kurtna tee;;10;;24.690235;59.234306;;;;;;;;;;;2025-01-08T11:30:20.720+02:00
96320;Kilingi-Nõmme Coop Konsumi pakiautomaat;0;EE;Pärnu maakond;Saarde vald;Kilingi-Nõmme linn;;Pärnu tn;;37;;24.949428;58.148012;;;;;;;;;;;2025-01-08T16:29:46.943+02:00
96330;Kivi-Vigala pakiautomaat;0;EE;Rapla maakond;Märjamaa vald;Kivi-Vigala küla;;Kiriku tee;;4;;24.365273;58.712943;;;;;;;;;;;2025-01-09T15:22:18.323+02:00
96176;Kiviõli Grossi pakiautomaat;0;EE;Ida-Viru maakond;Lüganuse vald;Kiviõli linn;;Keskpuiestee;;33;;26.974969;59.356588;;;;;;;;;;;2025-01-08T11:36:41.490+02:00
96090;Kiviõli Maxima X pakiautomaat;0;EE;Ida-Viru maakond;Lüganuse vald;Kiviõli linn;;Viru tn;;5;;26.973209;59.358844;;;;;;;;;;;2025-01-17T11:38:27.040+02:00
96290;Klooga pakiautomaat;0;EE;Harju maakond;Lääne-Harju vald;Klooga alevik;;Aedlinna tee;;3;;24.235227;59.319918;;;;;;;;;;;2025-01-15T12:36:06.657+02:00
96147;Koeru Vallamaja pakiautomaat;0;EE;Järva maakond;Järva vald;Koeru alevik;;Paide tee;;5;;26.024799;58.962392;;;;;;;;;;;2025-01-08T10:53:51.943+02:00
96094;Kohila Coop Konsumi pakiautomaat;0;EE;Rapla maakond;Kohila vald;Kohila alev;;Vabaduse tn;;7;;24.750497;59.167184;;;;;;;;;;;2025-01-17T11:40:29.290+02:00
96393;Kohila Grossi pakiautomaat;0;EE;Rapla maakond;Kohila vald;Kohila alev;;Viljandi mnt;;3a;;24.760121;59.167225;;;;;;;;;;;2025-01-09T16:24:42.160+02:00
96139;Kohtla-Järve Keskallee Maxima X pakiautomaat;0;EE;Ida-Viru maakond;Kohtla-Järve linn;Järve linnaosa;;Keskallee;;12;;27.284854;59.402352;;;;;;;;;;;2025-01-17T13:48:04.387+02:00
96307;Kohtla-Järve Mõisa tee Maxima X pakiautomaat;0;EE;Ida-Viru maakond;Kohtla-Järve linn;Järve linnaosa;;Mõisa tee;;3;;27.290852;59.406581;;;;;;;;;;;2025-02-11T10:44:19.010+02:00
96036;Kohtla-Järve Rimi pakiautomaat;0;EE;Ida-Viru maakond;Kohtla-Järve linn;Järve linnaosa;;Põhja allee;;4;;27.284822;59.407391;;;;;;;;;;;2025-01-17T11:21:01.390+02:00
96386;Kohtla-Järve Selveri pakiautomaat;0;EE;Ida-Viru maakond;Kohtla-Järve linn;Järve linnaosa;;Järveküla tee;;68;;27.298122;59.401561;;;;;;;;;;;2025-01-09T16:22:39.077+02:00
96093;Kohtla-Järve Vironia keskuse pakiautomaat;0;EE;Ida-Viru maakond;Kohtla-Järve linn;Järve linnaosa;;Järveküla tee;;50;;27.286519;59.397283;;;;;;;;;;;2025-04-08T04:00:13.490+03:00
96342;Kohtla-Nõmme pakiautomaat;0;EE;Ida-Viru maakond;Toila vald;Kohtla-Nõmme alev;;Kooli tn;;6;;27.192003;59.354408;;;;;;;;;;;2025-01-09T15:25:58.430+02:00
96260;Koigi pakiautomaat;0;EE;Järva maakond;Järva vald;Koigi küla;;Mõisavahe tee;;2;;25.753129;58.835677;;;;;;;;;;;2025-01-08T12:09:50.857+02:00
96266;Kolga-Jaani pakiautomaat;0;EE;Viljandi maakond;Viljandi vald;Kolga-Jaani alevik;;Viljandi mnt;;6;;25.94299;58.533992;;;;;;;;;;;2025-01-08T12:11:51.963+02:00
96267;Koonga pakiautomaat;0;EE;Pärnu maakond;Lääneranna vald;Koonga küla;;;Valla;2;;24.149549;58.580114;;;;;;;;;;;2025-01-08T12:12:04.833+02:00
96096;Kose Grossi pakiautomaat;0;EE;Harju maakond;Kose vald;Kose alevik;;Kodu tn;;2;;25.16463;59.184;;;;;;;;;;;2025-05-26T12:14:11.083+03:00
96270;Kose-Uuemõisa pakiautomaat;0;EE;Harju maakond;Kose vald;Kose-Uuemõisa alevik;;Kesk tn;;15;;25.105587;59.202964;;;;;;;;;;;2025-05-26T12:14:56.193+03:00
96160;Kostivere Meie kaupluse pakiautomaat;0;EE;Harju maakond;Jõelähtme vald;Kostivere alevik;;Mõisa tee;;3;;25.094629;59.428523;;;;;;;;;;;2025-05-26T12:12:53.620+03:00
96277;Kummeli Coop Konsumi pakiautomaat;0;EE;Saare maakond;Saaremaa vald;Kudjape alevik;;Kummeli põik;;1;;22.520299;58.254184;;;;;;;;;;;2025-01-08T10:50:42.970+02:00
96122;Kunda Grossi pakiautomaat;0;EE;Lääne-Viru maakond;Viru-Nigula vald;Kunda linn;;Kasemäe tn;;12;;26.518565;59.500489;;;;;;;;;;;2025-01-17T13:48:30.267+02:00
96034;Kuressaare Maxima XX pakiautomaat;0;EE;Saare maakond;Saaremaa vald;Kuressaare linn;;Tallinna tn;;64;;22.504776;58.260402;;;;;;;;;;;2025-04-14T04:00:13.973+03:00
96065;Kuressaare Smuuli Coop Konsumi pakiautomaat;0;EE;Saare maakond;Saaremaa vald;Kuressaare linn;;J. Smuuli tn;;1;;22.485307;58.262219;;;;;;;;;;;2025-01-17T13:15:50.907+02:00
96108;Kuusalu Coop Konsumi pakiautomaat;0;EE;Harju maakond;Kuusalu vald;Kuusalu alevik;;Kuusalu tee;;13;;25.441136;59.445371;;;;;;;;;;;2025-01-17T13:33:40.867+02:00
96156;Käina Coop Konsumi pakiautomaat;0;EE;Hiiu maakond;Hiiumaa vald;Käina alevik;;Spordi tn;;9;;22.774117;58.831447;;;;;;;;;;;2025-01-08T11:27:15.750+02:00
96046;Kärdla Hiiu Coop Konsumi pakiautomaat;0;EE;Hiiu maakond;Hiiumaa vald;Kärdla linn;;Keskväljak;;1;;22.747351;58.998589;;;;;;;;;;;2025-01-17T11:25:09.947+02:00
96210;Kärdla Tormi Coop Konsumi pakiautomaat;0;EE;Hiiu maakond;Hiiumaa vald;Kärdla linn;;Heltermaa mnt;;14a;;22.754594;58.990186;;;;;;;;;;;2025-01-08T11:52:45.347+02:00
96276;Kärla pakiautomaat;0;EE;Saare maakond;Saaremaa vald;Kärla alevik;;Pargi tn;;2;;22.255694;58.330862;;;;;;;;;;;2025-01-08T10:50:24.290+02:00
96247;Kõmsi pakiautomaat;0;EE;Pärnu maakond;Lääneranna vald;Kõmsi küla;;Keskuse tee;;3;;23.632895;58.623624;;;;;;;;;;;2022-06-09T12:46:40.213+03:00
96288;Kõpu pakiautomaat;0;EE;Viljandi maakond;Põhja-Sakala vald;Kõpu alevik;;Tipu tn;;6;;25.301519;58.327249;;;;;;;;;;;2025-01-08T10:55:23.473+02:00
96291;Kõrgessaare Coop kaupluse pakiautomaat;0;EE;Hiiu maakond;Hiiumaa vald;Kõrgessaare alevik;;Tööstuse tee;;10;;22.471856;58.982049;;;;;;;;;;;2025-01-08T10:56:46.323+02:00
96169;Kõrveküla Coop kaupluse pakiautomaat;0;EE;Tartu maakond;Tartu vald;Kõrveküla alevik;;Vasula tee;;4;;26.761527;58.419908;;;;;;;;;;;2025-01-30T15:07:10.093+02:00
96360;Külitse Coop Konsumi pakiautomaat;0;EE;Tartu maakond;Kambja vald;Külitse alevik;;Kiigemäe tee;;2;;26.623681;58.321409;;;;;;;;;;;2025-01-09T15:31:48.503+02:00
96067;Laagri Coop Maksimarketi pakiautomaat;0;EE;Harju maakond;Saue vald;Laagri alevik;;Pärnu mnt;;558a;;24.614282;59.341743;;;;;;;Accepts same-day deliveries from Tallinn;;;;2025-05-26T10:18:19.080+03:00
96381;Laagri Veskitammi Maxima X pakiautomaat;0;EE;Harju maakond;Saue vald;Laagri alevik;;Veskitammi tn;;3;;24.611742;59.352053;;;;;;;Accepts same-day deliveries from Tallinn;;;;2025-01-09T16:21:14.343+02:00
96200;Laagri Veskitammi Selver ABC pakiautomaat;0;EE;Harju maakond;Saue vald;Laagri alevik;;Veskitammi tn;;10;;24.612414;59.351164;;;;;;;Accepts same-day deliveries from Tallinn;;;;2025-05-22T11:41:29.043+03:00
96248;Laekvere pakiautomaat;0;EE;Lääne-Viru maakond;Vinni vald;Laekvere alevik;;Salutaguse tee;;2;;26.559533;59.066968;;;;;;;;;;;2025-01-08T12:06:09.187+02:00
96340;Laeva Spordihoone pakiautomaat;0;EE;Tartu maakond;Tartu vald;Laeva küla;;Aeru tee;;3;;26.378773;58.486634;;;;;;;;;;;2025-01-09T15:25:21.027+02:00
96183;Lagedi Keskusehoone pakiautomaat;0;EE;Harju maakond;Rae vald;Lagedi alevik;;Kooli tn;;18b;;24.941774;59.402189;;;;;;;;;;;2025-01-08T11:38:57.980+02:00
96385;Lasva Coop kaupluse pakiautomaat;0;EE;Võru maakond;Võru vald;Lasva küla;;Pässä põik;;6;;27.176857;57.863351;;;;;;;;;;;2025-01-09T16:22:22.507+02:00
96245;Laulasmaa Selver ABC pakiautomaat;0;EE;Harju maakond;Lääne-Harju vald;Laulasmaa küla;;Kloogaranna tee;;26;;24.238719;59.378697;;;;;;;;;;;2025-01-15T12:32:03.173+02:00
96261;Lavassaare pakiautomaat;0;EE;Pärnu maakond;Pärnu linn;Lavassaare alev;;Võidu tn;;2;;24.37087;58.51338;;;;;;;;;;;2025-01-08T12:10:04.767+02:00
96274;Leisi pakiautomaat;0;EE;Saare maakond;Saaremaa vald;Leisi alevik;;Mustjala mnt;;5;;22.682051;58.571727;;;;;;;;;;;2025-01-08T12:13:35.393+02:00
96334;Leppneeme sadama pakiautomaat;0;EE;Harju maakond;Viimsi vald;Leppneeme küla;;Leppneeme Sadama tee;;18a;;24.867623;59.550609;;;;;;;;;;;2025-05-05T13:57:23.097+03:00
96119;Lihula Coop Konsumi pakiautomaat;0;EE;Pärnu maakond;Lääneranna vald;Lihula linn;;Tallinna mnt;;12;;23.834367;58.688219;;;;;;;;;;;2025-04-03T08:33:36.750+03:00
96161;Liiva Coop Konsumi pakiautomaat;0;EE;Saare maakond;Muhu vald;Liiva küla;;;Kaupluse;;;23.231251;58.605894;;;;;;;;;;;2025-01-08T11:31:16.223+02:00
96337;Lohkva Spordihoone pakiautomaat;0;EE;Tartu maakond;Luunja vald;Lohkva küla;;Kabina tee;;14;;26.798648;58.367265;;;;;;;;;;;2025-01-30T15:06:36.677+02:00
96134;Loksa Grossi pakiautomaat;0;EE;Harju maakond;Loksa linn;;;Rohuaia tn;;6;;25.727932;59.579123;;;;;;;;;;;2025-01-17T13:49:02.427+02:00
96171;Loo Grossi pakiautomaat;0;EE;Harju maakond;Jõelähtme vald;Loo alevik;;Saha tee;;9;;24.947091;59.434622;;;;;;;;;;;2025-01-08T11:34:42.020+02:00
96379;Luige Keskuse pakiautomaat;0;EE;Harju maakond;Kiili vald;Luige alevik;;Viljandi mnt;;168;;24.767017;59.325367;;;;;;;;;;;2025-01-09T16:20:36.580+02:00
96271;Luunja pakiautomaat;0;EE;Tartu maakond;Luunja vald;Luunja alevik;;Puiestee tn;;4;;26.882517;58.35619;;;;;;;;;;;2025-01-08T12:12:56.387+02:00
96354;Lähte pakiautomaat;0;EE;Tartu maakond;Tartu vald;Lähte alevik;;Poe tn;;4/3;;26.682318;58.492892;;;;;;;;;;;2025-01-09T15:29:47.630+02:00
96265;Lõpe pakiautomaat;0;EE;Pärnu maakond;Lääneranna vald;Lõpe küla;;;Klubi;1;;23.986842;58.571228;;;;;;;;;;;2025-01-08T12:11:31.790+02:00
96353;Lüllemäe pakiautomaat;0;EE;Valga maakond;Valga vald;Lüllemäe küla;;Kirikumõisa tee;;1;;26.37164;57.7507;;;;;;;;;;;2025-01-09T15:29:26.440+02:00
96281;Lümanda pakiautomaat;0;EE;Saare maakond;Saaremaa vald;Lümanda küla;;;Keskusehoone;;;22.024756;58.28573;;;;;;;;;;;2025-01-08T10:52:03.347+02:00
96394;Maardu Grossi pakiautomaat;0;EE;Harju maakond;Maardu linn;;;Keemikute tn;;41;;25.017164;59.484256;;;;;;;;;;;2025-01-09T16:26:21.693+02:00
96300;Maardu Maxima X pakiautomaat;0;EE;Harju maakond;Maardu linn;;;Keemikute tn;;37;;25.017543;59.48279;;;;;;;;;;;2025-01-08T15:18:36.633+02:00
96081;Maardu Maxima XX pakiautomaat;0;EE;Harju maakond;Maardu linn;;;Keemikute tn;;2;;25.019637;59.473515;;;;;;;;;;;2025-01-17T11:20:28.210+02:00
96130;Maardu Pärli Keskuse pakiautomaat;0;EE;Harju maakond;Maardu linn;;;Nurga tn;;3;;25.017923;59.486818;;;;;;;;;;;2025-01-17T13:49:51.567+02:00
96283;Melliste pakiautomaat;0;EE;Tartu maakond;Kastre vald;Melliste küla;;Tartu mnt;;8;;26.980065;58.329938;;;;;;;;;;;2025-01-08T10:53:18.853+02:00
96370;Mooste pakiautomaat;0;EE;Põlva maakond;Põlva vald;Mooste alevik;;Lasteaia tee;;3;;27.186558;58.156826;;;;;;;;;;;2025-01-09T16:16:52.643+02:00
96239;Muraste Coop Konsumi pakiautomaat;0;EE;Harju maakond;Harku vald;Muraste küla;;Lee tee;;1;;24.443563;59.454815;;;;;;;;;;;2025-03-05T14:42:01.397+02:00
96292;Mustla Coop Konsumi pakiautomaat;0;EE;Viljandi maakond;Viljandi vald;Mustla alevik;;Posti tn;;52a;;25.865386;58.235068;;;;;;;;;;;2025-01-08T10:57:09.487+02:00
96163;Mustvee Coop Konsumi pakiautomaat;0;EE;Jõgeva maakond;Mustvee vald;Mustvee linn;;Tartu tn;;3;;26.944813;58.847951;;;;;;;;;;;2025-01-08T11:32:11.467+02:00
96228;Muuga Maxima X pakiautomaat;0;EE;Harju maakond;Maardu linn;;;Altmetsa tee;;1;;24.916361;59.473854;;;;;;;;;;;2025-04-23T14:47:14.117+03:00
96344;Mäetaguse bussijaama pakiautomaat;0;EE;Ida-Viru maakond;Alutaguse vald;Mäetaguse alevik;;Kooli tn;;7;;27.295832;59.224522;;;;;;;;;;;2025-01-09T15:26:38.583+02:00
96338;Märja Coop Konsumi pakiautomaat;0;EE;Tartu maakond;Tartu linn;Märja alevik;;Aisa tn;;2;;26.651086;58.36064;;;;;;;;;;;2025-01-09T15:24:42.457+02:00
96051;Märjamaa Maxima X pakiautomaat;0;EE;Rapla maakond;Märjamaa vald;Märjamaa alev;;Kasti tee;;1;;24.433812;58.909802;;;;;;;;;;;2025-01-17T13:10:45.520+02:00
96343;Mõisaküla Coop kaupluse pakiautomaat;0;EE;Viljandi maakond;Mulgi vald;Mõisaküla linn;;Kesk tn;;8;;25.184947;58.092268;;;;;;;;;;;2025-06-02T09:02:27.717+03:00
96378;Mõniste pakiautomaat;0;EE;Võru maakond;Rõuge vald;Mõniste küla;;;Mendise;;;26.608493;57.613414;;;;;;;;;;;2025-01-09T16:19:43.460+02:00
96028;Narva Astri Keskuse pakiautomaat;0;EE;Ida-Viru maakond;Narva linn;;;Tallinna mnt;;41;;28.174814;59.381171;;;;;;;;;;;2025-01-17T11:19:14.437+02:00
96072;Narva Fama keskuse pakiautomaat;0;EE;Ida-Viru maakond;Narva linn;;;Fama tn;;10;;28.187516;59.37939;;;;;;;;;;;2025-01-17T11:13:47.100+02:00
96375;Narva Kangelaste Lidl pakiautomaat;0;EE;Ida-Viru maakond;Narva linn;;;Kangelaste prospekt;;37a;;28.175859;59.389175;;;;;;;;;;;2025-01-09T16:17:53.360+02:00
96218;Narva Kerese keskuse pakiautomaat;0;EE;Ida-Viru maakond;Narva linn;;;P. Kerese tn;;3;;28.192348;59.37584;;;;;;;;;;;2025-05-28T09:59:30.257+03:00
96091;Narva Kreenholmi Maxima XX pakiautomaat;0;EE;Ida-Viru maakond;Narva linn;;;Kreenholmi tn;;52;;28.187441;59.364202;;;;;;;;;;;2025-05-28T10:00:50.297+03:00
96217;Narva Megamarketi pakiautomaat;0;EE;Ida-Viru maakond;Narva linn;;;Rakvere tn;;71;;28.183605;59.386067;;;;;;;;;;;2025-01-08T11:54:43.403+02:00
96390;Narva Optimus Mööbli pakiautomaat;0;EE;Ida-Viru maakond;Narva linn;;;Kreenholmi tn;;50;;28.187073;59.365783;;;;;;;;;;;2025-05-28T10:02:11.617+03:00
96125;Narva Prisma pakiautomaat;0;EE;Ida-Viru maakond;Narva linn;;;Kangelaste prospekt;;29;;28.178001;59.386877;;;;;;;;;;;2025-01-17T13:49:21.513+02:00
96182;Narva Soldina Maxima XX pakiautomaat;0;EE;Ida-Viru maakond;Narva linn;;;Soldina tn;;20;;28.16524;59.380655;;;;;;;;;;;2025-05-28T10:03:09.767+03:00
96326;Narva-Jõesuu raamatukogu pakiautomaat;0;EE;Ida-Viru maakond;Narva-Jõesuu linn;Narva-Jõesuu linn;;Kesk tn;;3;;28.042054;59.45983;;;;;;;;;;;2025-05-28T09:57:57.713+03:00
96152;Nõo vallamaja pakiautomaat;0;EE;Tartu maakond;Nõo vald;Nõo alevik;;Voika tn;;23;;26.521202;58.272562;;;;;;;;;;;2025-01-08T10:59:10.687+02:00
96295;Nõva pakiautomaat;0;EE;Lääne maakond;Lääne-Nigula vald;Nõva küla;;;Kooli;;;23.678133;59.221515;;;;;;;;;;;2024-07-08T10:23:35.037+03:00
96361;Orava pakiautomaat;0;EE;Võru maakond;Võru vald;Orava küla;;;Sepikoja;;;27.458007;57.888535;;;;;;;;;;;2025-01-09T15:32:04.600+02:00
96106;Orissaare Coop Konsumi pakiautomaat;0;EE;Saare maakond;Saaremaa vald;Orissaare alevik;;Kuivastu mnt;;28;;23.082365;58.55903;;;;;;;;;;;2025-01-17T13:28:59.483+02:00
96137;Otepää Maxima X pakiautomaat;0;EE;Valga maakond;Otepää vald;Otepää linn;;Valga mnt;;1b;;26.497299;58.058896;;;;;;;;;;;2025-05-19T04:00:14.727+03:00
96250;Padise Keskuse tee pakiautomaat;0;EE;Harju maakond;Lääne-Harju vald;Padise küla;;;Keskuse tee;;;24.145623;59.224487;;;;;;;;;;;2025-01-15T12:34:29.050+02:00
96207;Paide Coop Maksimarket pakiautomaat;0;EE;Järva maakond;Paide linn;Paide linn;;Ringtee;;2;;25.538995;58.886111;;;;;;;;;;;2025-01-08T11:51:45.430+02:00
96388;Paide Pärnu 55 pakiautomaat;0;EE;Järva maakond;Paide linn;Paide linn;;Pärnu tn;;55;;25.558437;58.887071;;;;;;;;;;;2025-01-09T16:23:08.687+02:00
96037;Paide Selveri pakiautomaat;0;EE;Järva maakond;Paide linn;Paide linn;;Aiavilja tn;;4;;25.563311;58.885469;;;;;;;;;;;2025-01-17T11:21:13.357+02:00
96158;Paikuse Coop Konsumi pakiautomaat;0;EE;Pärnu maakond;Pärnu linn;Paikuse alev;;Pärnade pst;;1;;24.618326;58.373772;;;;;;;;;;;2025-01-08T11:30:03.753+02:00
96257;Palamuse pakiautomaat;0;EE;Jõgeva maakond;Jõgeva vald;Palamuse alevik;;Uus tn;;1;;26.585179;58.685409;;;;;;;;;;;2024-07-08T10:34:01.153+03:00
96203;Paldiski Coop Konsumi pakiautomaat;0;EE;Harju maakond;Lääne-Harju vald;Paldiski linn;;Rae tn;;38;;24.055929;59.352619;;;;;;;;;;;2025-01-15T12:39:31.617+02:00
96097;Paldiski Maxima X pakiautomaat;0;EE;Harju maakond;Lääne-Harju vald;Paldiski linn;;Rae tn;;14b;;24.06282;59.347514;;;;;;;;;;;2025-01-17T11:41:48.223+02:00
96234;Peetri Keskuse pakiautomaat;0;EE;Harju maakond;Rae vald;Peetri alevik;;Küti tee;;4;;24.805811;59.397439;;;;;;;;;;;2025-05-26T10:21:32.670+03:00
96082;Peetri Selveri pakiautomaat;0;EE;Harju maakond;Rae vald;Peetri alevik;;Veesaare tee;;2;;24.811046;59.402735;;;;;;;;;;;2025-05-26T10:22:35.187+03:00
96150;Puhja Coop Konsumi pakiautomaat;0;EE;Tartu maakond;Elva vald;Puhja alevik;;Nooruse tn;;2;;26.313463;58.33525;;;;;;;;;;;2025-01-08T10:56:56.143+02:00
96256;Puka pakiautomaat;0;EE;Valga maakond;Otepää vald;Puka alevik;;Kooli tn;;6;;26.22753;58.052023;;;;;;;;;;;2025-01-08T12:08:31.547+02:00
96076;Pärnu Coop Maksimarketi pakiautomaat;0;EE;Pärnu maakond;Pärnu linn;Papsaare küla;;Haapsalu mnt;;43;;24.457352;58.395611;;;;;;;;;;;2025-05-23T04:00:12.960+03:00
96026;Pärnu Jannseni Rimi pakiautomaat;0;EE;Pärnu maakond;Pärnu linn;Pärnu linn;;J. V. Jannseni tn;;3/1;;24.49403;58.391712;;;;;;;;;;;2025-01-17T11:18:50.787+02:00
96040;Pärnu Kaubamajaka pakiautomaat;0;EE;Pärnu maakond;Pärnu linn;Pärnu linn;;Papiniidu tn;;8;;24.550329;58.371106;;;;;;;;;;;2025-01-17T11:22:03.963+02:00
96405;Pärnu Lille Meie kaupluse pakiautomaat;0;EE;Pärnu maakond;Pärnu linn;Pärnu linn;;Lille tn;;44c;;24.511798;58.399424;;;;;;;;;;;2025-01-10T13:32:57.983+02:00
96315;Pärnu Oja Selver ABC pakiautomaat;0;EE;Pärnu maakond;Pärnu linn;Pärnu linn;;Liblika tn;;6;;24.531032;58.390586;;;;;;;;;;;2025-01-08T16:24:01.017+02:00
96399;Pärnu Olevi Meie kaupluse pakiautomaat;0;EE;Pärnu maakond;Pärnu linn;Pärnu linn;;Olevi tn;;27;;24.568999;58.353985;;;;;;;;;;;2025-01-10T11:07:43.963+02:00
96062;Pärnu Port Artur 2 pakiautomaat;0;EE;Pärnu maakond;Pärnu linn;Pärnu linn;;Lai tn;;11;;24.503573;58.387673;;;;;;;;;;;2025-05-14T11:23:02.560+03:00
96408;Pärnu Suurejõe Selveri pakiautomaat;0;EE;Pärnu maakond;Pärnu linn;Pärnu linn;;Suur-Jõe tn;;57;;24.533302;58.37821;;;;;;;;;;;2025-02-19T13:21:10.203+02:00
96027;Pärnu Suve Keskuse pakiautomaat;0;EE;Pärnu maakond;Pärnu linn;Pärnu linn;;Riia mnt;;131;;24.536591;58.375126;;;;;;;;;;;2025-06-03T09:19:27.733+03:00
96197;Pärnu Tiina Coop Konsumi pakiautomaat;0;EE;Pärnu maakond;Pärnu linn;Pärnu linn;;Riia mnt;;74;;24.526998;58.38005;;;;;;;;;;;2025-01-08T11:46:06.673+02:00
96198;Pärnu Turu pakiautomaat;0;EE;Pärnu maakond;Pärnu linn;Pärnu linn;;Suur-Sepa tn;;18;;24.50958;58.38221;;;;;;;;;;;2025-01-08T11:46:21.110+02:00
96077;Pärnu Ülejõe Selveri pakiautomaat;0;EE;Pärnu maakond;Pärnu linn;Pärnu linn;;Tallinna mnt;;93a;;24.49512;58.408451;;;;;;;;;;;2025-01-17T11:15:21.703+02:00
96109;Pärnu-Jaagupi Grossi pakiautomaat;0;EE;Pärnu maakond;Põhja-Pärnumaa vald;Pärnu-Jaagupi alev;;Uus tn;;20a;;24.504647;58.609379;;;;;;;;;;;2025-01-17T13:35:22.910+02:00
96048;Põltsamaa Selveri pakiautomaat;0;EE;Jõgeva maakond;Põltsamaa vald;Põltsamaa linn;;Jõgeva mnt;;1a;;25.980273;58.65412;;;;;;;;;;;2025-01-17T11:25:38.367+02:00
96045;Põlva Coop Konsumi pakiautomaat;0;EE;Põlva maakond;Põlva vald;Põlva linn;;Aasa tn;;1;;27.046219;58.051766;;;;;;;;;;;2025-01-17T11:24:54.957+02:00
96201;Põlva Meie Ostumarketi pakiautomaat;0;EE;Põlva maakond;Põlva vald;Põlva linn;;Lao tn;;14;;27.092855;58.066805;;;;;;;;;;;2025-01-08T11:47:04.940+02:00
96073;Põlva Selveri pakiautomaat;0;EE;Põlva maakond;Põlva vald;Põlva linn;;Jaama tn;;12;;27.071194;58.063698;;;;;;;;;;;2025-01-17T11:14:09.497+02:00
96286;Pürksi pakiautomaat;0;EE;Lääne maakond;Lääne-Nigula vald;Pürksi küla / Birkas;Pürksi keskus;;;9;;23.52103;59.006707;;;;;;;;;;;2025-05-05T13:58:21.927+03:00
96105;Raasiku Coop Konsumi pakiautomaat;0;EE;Harju maakond;Raasiku vald;Raasiku alevik;;Tallinna mnt;;19;;25.182569;59.369367;;;;;;;;;;;2025-03-28T15:02:01.290+02:00
96268;Rakke pakiautomaat;0;EE;Lääne-Viru maakond;Väike-Maarja vald;Rakke alevik;;F. R. Faehlmanni tee;;15;;26.241625;58.987978;;;;;;;;;;;2025-01-08T12:12:16.120+02:00
96397;Rakvere Lidl pakiautomaat;0;EE;Lääne-Viru maakond;Rakvere vald;Ussimäe küla;;Ussimäe tn;;1;;26.374306;59.349133;;;;;;;;;;;2025-01-10T11:06:18.353+02:00
96232;Rakvere Lilleoru kaupluse pakiautomaat;0;EE;Lääne-Viru maakond;Rakvere linn;;;Tartu tn;;55;;26.364531;59.327658;;;;;;;;;;;2025-01-08T11:59:46.390+02:00
96078;Rakvere Põhjakeskuse pakiautomaat;0;EE;Lääne-Viru maakond;Rakvere vald;Tõrremäe küla;;Haljala tee;;4;;26.339553;59.364081;;;;;;;;;;;2025-01-17T11:15:41.993+02:00
96031;Rakvere Turutare pakiautomaat;0;EE;Lääne-Viru maakond;Rakvere linn;;;Laada tn;;18;;26.364466;59.347187;;;;;;;;;;;2025-01-17T11:19:37.753+02:00
96167;Rakvere Vaala Keskuse pakiautomaat;0;EE;Lääne-Viru maakond;Rakvere linn;;;Lõõtspilli tn;;2;;26.383605;59.354905;;;;;;;;;;;2025-01-08T11:33:38.517+02:00
96365;Ramsi Coop kaupluse pakiautomaat;0;EE;Viljandi maakond;Viljandi vald;Ramsi alevik;;Keskuse tee;;1;;25.540729;58.30755;;;;;;;;;;;2025-01-09T15:39:54.827+02:00
96396;Randvere Meie kaupluse pakiautomaat;0;EE;Harju maakond;Viimsi vald;Randvere küla;;G. H. Schüdlöffeli tee;;2;;24.903993;59.504003;;;;;;;;;;;2025-01-09T16:29:52.547+02:00
96359;Rannu Coop Kaupluse pakiautomaat;0;EE;Tartu maakond;Elva vald;Rannu alevik;;Elva tee;;10;;26.221778;58.23996;;;;;;;;;;;2025-01-09T15:31:30.067+02:00
96220;Rapla Coop Konsumi pakiautomaat;0;EE;Rapla maakond;Rapla vald;Rapla linn;;Tallinna mnt;;16;;24.793521;59.005301;;;;;;;;;;;2025-01-08T11:55:19.703+02:00
96043;Rapla Maxima X pakiautomaat;0;EE;Rapla maakond;Rapla vald;Rapla linn;;Tallinna mnt;;50a;;24.790997;58.998328;;;;;;;;;;;2025-01-17T11:22:47.980+02:00
96196;Risti Coop kaupluse pakiautomaat;0;EE;Lääne maakond;Lääne-Nigula vald;Risti alevik;;Haapsalu mnt;;1;;24.056862;58.998289;;;;;;;;;;;2025-01-08T11:45:53.523+02:00
96251;Roela pakiautomaat;0;EE;Lääne-Viru maakond;Vinni vald;Roela alevik;;Sinilille tn;;1a;;26.586551;59.165147;;;;;;;;;;;2025-01-08T12:06:53.693+02:00
96282;Roiu Coop kaupluse pakiautomaat;0;EE;Tartu maakond;Kastre vald;Roiu alevik;;Männi tn;;9;;26.867232;58.301326;;;;;;;;;;;2025-01-08T10:52:57.307+02:00
96387;Roo Prisma pakiautomaat;0;EE;Harju maakond;Harku vald;Harkujärve küla;;Roo tee;;1;;24.616285;59.407169;;;;;;;Accepts same-day deliveries from Tallinn;;;;2025-05-26T10:24:28.173+03:00
96273;Roobuka pakiautomaat;0;EE;Harju maakond;Saku vald;Roobuka küla;;Roheluse tee;;1;;24.671532;59.221431;;;;;;;;;;;2025-01-08T12:13:22.290+02:00
93999;Ruhnu pakiväljastus;0;EE;Saare maakond;Ruhnu vald;Ruhnu küla;;;Raamatukogu;;;23.24556;57.802455;;;;;;;;;;;2025-05-05T14:00:03.423+03:00
96186;Räpina Coop Konsumi pakiautomaat;0;EE;Põlva maakond;Räpina vald;Räpina linn;;Kooli tn;;14a;;27.45961;58.094948;;;;;;;;;;;2025-01-08T11:42:46.790+02:00
96095;Räpina Maxima X pakiautomaat;0;EE;Põlva maakond;Räpina vald;Räpina linn;;Pargi tn;;1;;27.463667;58.097504;;;;;;;;;;;2025-01-17T11:40:59.060+02:00
96151;Rõngu Coop Konsumi pakiautomaat;0;EE;Tartu maakond;Elva vald;Rõngu alevik;;Tartu mnt;;2;;26.248779;58.143987;;;;;;;;;;;2025-01-08T10:57:29.137+02:00
96255;Rõuge Bussijaama pakiautomaat;0;EE;Võru maakond;Rõuge vald;Rõuge alevik;;Võru mnt;;14;;26.916892;57.730195;;;;;;;;;;;2025-05-05T13:28:31.807+03:00
96199;Saaremaa Kaubamaja pakiautomaat;0;EE;Saare maakond;Saaremaa vald;Kuressaare linn;;Raekoja tn;;1;;22.485396;58.251815;;;;;;;;;;;2025-01-08T11:46:36.177+02:00
96050;Saku Coop Ehituskeskuse pakiautomaat;0;EE;Harju maakond;Saku vald;Saku alevik;;Tallinna mnt;;6;;24.669534;59.302034;;;;;;;;;;;2025-01-17T13:10:29.293+02:00
96301;Saku Selveri pakiautomaat;0;EE;Harju maakond;Saku vald;Saku alevik;;Üksnurme tee;;2;;24.656249;59.293669;;;;;;;;;;;2025-01-08T15:18:58.750+02:00
96318;Salme Coop Konsumi pakiautomaat;0;EE;Saare maakond;Saaremaa vald;Salme alevik;;Sõrve mnt;;2;;22.250273;58.164439;;;;;;;;;;;2025-01-08T16:29:03.693+02:00
96351;Sangaste pakiautomaat;0;EE;Valga maakond;Otepää vald;Sangaste alevik;;Valga mnt;;11;;26.32729;57.924917;;;;;;;;;;;2025-01-09T15:28:53.530+02:00
96184;Saue Grossi pakiautomaat;0;EE;Harju maakond;Saue vald;Saue linn;;Pärnasalu põik;;1b;;24.556448;59.322081;;;;;;;;;;;2025-01-08T11:40:52.090+02:00
96055;Saue Kaubakeskuse pakiautomaat;0;EE;Harju maakond;Saue vald;Saue linn;;Ridva tn;;15;;24.552558;59.324906;;;;;;;;;;;2025-01-17T13:11:46.467+02:00
96148;Sauga Coop Konsumi pakiautomaat;0;EE;Pärnu maakond;Tori vald;Sauga alevik;;Kuldnoka tn;;1;;24.497332;58.429088;;;;;;;;;;;2025-01-08T10:55:38.340+02:00
96368;Saverna pakiautomaat;0;EE;Põlva maakond;Kanepi vald;Saverna küla;;Kooli tee;;5;;26.737364;58.070708;;;;;;;;;;;2025-01-09T16:16:19.740+02:00
96054;Sillamäe Coop Maksimarketi pakiautomaat;0;EE;Ida-Viru maakond;Sillamäe linn;;;Viru pst;;5a;;27.777892;59.391665;;;;;;;;;;;2025-01-17T13:11:32.010+02:00
96222;Sillamäe Viru pst Maxima X pakiautomaat;0;EE;Ida-Viru maakond;Sillamäe linn;;;Viru pst;;35;;27.790681;59.3912;;;;;;;;;;;2024-07-08T10:31:41.393+03:00
96285;Simuna pakiautomaat;0;EE;Lääne-Viru maakond;Väike-Maarja vald;Simuna alevik;;Lai tn;;5;;26.403833;59.045717;;;;;;;;;;;2025-01-08T10:54:03.013+02:00
96316;Sindi Maxima X pakiautomaat;0;EE;Pärnu maakond;Tori vald;Sindi linn;;Pärnu mnt;;57;;24.659602;58.407817;;;;;;;;;;;2025-01-08T16:24:18.467+02:00
96383;Soinaste Kaasiku Coop Konsumi pakiautomaat;0;EE;Tartu maakond;Kambja vald;Soinaste küla;;Kaasiku tn;;35;;26.727525;58.330143;;;;;;;;;;;2025-01-30T15:06:15.180+02:00
96231;Suure-Jaani Tervisekoja pakiautomaat;0;EE;Viljandi maakond;Põhja-Sakala vald;Suure-Jaani linn;;Pärnu tn;;4;;25.465458;58.535702;;;;;;;;;;;2025-01-08T11:59:25.900+02:00
96346;Tabasalu Keskuse pakiautomaat;0;EE;Harju maakond;Harku vald;Tabasalu alevik;;Kallaste tn;;7;;24.549959;59.428985;;;;;;;;;;;2025-05-22T11:42:57.573+03:00
96071;Tabasalu Rimi pakiautomaat;0;EE;Harju maakond;Harku vald;Tabasalu alevik;;Klooga mnt;;10b;;24.543398;59.429912;;;;;;;;;;;2025-05-22T11:54:37.267+03:00
96212;Tabivere Saadjärve Coop kaupluse pakiautomaat;0;EE;Tartu maakond;Tartu vald;Tabivere alevik;;Kalda tn;;1;;26.599997;58.551919;;;;;;;;;;;2025-01-08T11:53:23.100+02:00
96262;Taebla Bussijaama pakiautomaat;0;EE;Lääne maakond;Lääne-Nigula vald;Taebla alevik;;Haapsalu mnt;;9;;23.743381;58.956549;;;;;;;;;;;2025-01-08T12:10:18.910+02:00
96003;Tallinna Akadeemia Coop Konsumi pakiautomaat;0;EE;Harju maakond;Tallinn;Mustamäe linnaosa;;Akadeemia tee;;35;;24.655613;59.40337;;;;;;;Accepts same-day deliveries from Tallinn;;;;2025-05-26T04:00:14.263+03:00
96133;Tallinna Arsenali Keskuse pakiautomaat;0;EE;Harju maakond;Tallinn;Põhja-Tallinna linnaosa;;Erika tn;;14;;24.718214;59.451157;;;;;;;Accepts same-day deliveries from Tallinn;;;;2025-05-26T10:27:49.807+03:00
96001;Tallinna Balti Jaama pakiautomaat;0;EE;Harju maakond;Tallinn;Põhja-Tallinna linnaosa;;Toompuiestee;;37;;24.736474;59.439807;;;;;;;Accepts same-day deliveries from Tallinn;;;;2025-02-06T08:14:58.980+02:00
96258;Tallinna Balti Jaama turu pakiautomaat;0;EE;Harju maakond;Tallinn;Põhja-Tallinna linnaosa;;Kopli tn;;1;;24.734591;59.440884;;;;;;;Accepts same-day deliveries from Tallinn;;;;2025-05-26T10:30:28.750+03:00
96219;Tallinna Coca-Cola Plaza pakiautomaat;0;EE;Harju maakond;Tallinn;Kesklinna linnaosa;;Hobujaama tn;;5;;24.757091;59.438374;;;;;;;Accepts same-day deliveries from Tallinn;;;;2025-01-08T11:55:08.997+02:00
96153;Tallinna Donte Ärikeskuse pakiautomaat;0;EE;Harju maakond;Tallinn;Kesklinna linnaosa;;Pärnu mnt;;142;;24.736499;59.410291;;;;;;;Accepts same-day deliveries from Tallinn;;;;2025-05-26T10:32:08.567+03:00
96216;Tallinna Ehitajate tee Grossi pakiautomaat;0;EE;Harju maakond;Tallinn;Mustamäe linnaosa;;Ehitajate tee;;41;;24.668363;59.401747;;;;;;;Accepts same-day deliveries from Tallinn;;;;2025-05-22T12:00:03.577+03:00
96303;Tallinna Ehitajate tee Maxima XXX pakiautomaat;0;EE;Harju maakond;Tallinn;Haabersti linnaosa;;Ehitajate tee;;148;;24.651429;59.420604;;;;;;;Accepts same-day deliveries from Tallinn;;;;2025-05-26T10:34:24.763+03:00
96111;Tallinna Haabersti Rimi pakiautomaat;0;EE;Harju maakond;Tallinn;Haabersti linnaosa;;Haabersti tn;;1;;24.644102;59.424517;;;;;;;Accepts same-day deliveries from Tallinn;;;;2025-01-17T13:38:19.537+02:00
96202;Tallinna Idakeskuse pakiautomaat;0;EE;Harju maakond;Tallinn;Lasnamäe linnaosa;;Punane tn;;16;;24.823852;59.432084;;;;;;;Accepts same-day deliveries from Tallinn;;;;2025-01-08T11:50:20.897+02:00
96400;Tallinna Jannseni Maxima X pakiautomaat;0;EE;Harju maakond;Tallinn;Nõmme linnaosa;;Vabaduse pst;;128;;24.665049;59.373317;;;;;;;Accepts same-day deliveries from Tallinn;;;;2025-05-22T12:05:31.600+03:00
96195;Tallinna Juhkentali Rimi pakiautomaat;0;EE;Harju maakond;Tallinn;Kesklinna linnaosa;;Juhkentali tn;;35;;24.77037;59.427539;;;;;;;Accepts same-day deliveries from Tallinn;;;;2025-01-08T11:45:24.420+02:00
96016;Tallinna Järve Keskuse pakiautomaat;0;EE;Harju maakond;Tallinn;Nõmme linnaosa;;Pärnu mnt;;238;;24.723341;59.39352;;;;;;;Accepts same-day deliveries from Tallinn;;;;2025-05-22T12:07:35.043+03:00
96138;Tallinna Järveotsa Grossi pakiautomaat;0;EE;Harju maakond;Tallinn;Haabersti linnaosa;;Järveotsa tee;;35b;;24.640639;59.407278;;;;;;;Accepts same-day deliveries from Tallinn;;;;2025-05-22T12:09:26.023+03:00
96018;Tallinna Kadaka Selveri pakiautomaat;0;EE;Harju maakond;Tallinn;Mustamäe linnaosa;;Kadaka tee;;56a;;24.666952;59.412235;;;;;;;Accepts same-day deliveries from Tallinn;;;;2025-05-26T10:38:34.730+03:00
96015;Tallinna Kakumäe Selveri pakiautomaat;0;EE;Harju maakond;Tallinn;Haabersti linnaosa;;Rannamõisa tee;;6;;24.626459;59.428507;;;;;;;Accepts same-day deliveries from Tallinn;;;;2025-01-17T11:16:50.417+02:00
96237;Tallinna Kari Grossipoe pakiautomaat;0;EE;Harju maakond;Tallinn;Põhja-Tallinna linnaosa;;Kari tn;;3;;24.697798;59.447618;;;;;;;Accepts same-day deliveries from Tallinn;;;;2025-05-26T11:37:30.200+03:00
96190;Tallinna Kivila Grossi pakiautomaat;0;EE;Harju maakond;Tallinn;Lasnamäe linnaosa;;Kivila tn;;26;;24.872824;59.44372;;;;;;;Accepts same-day deliveries from Tallinn;;;;2025-01-08T11:44:02.790+02:00
96069;Tallinna Kolde Rimi pakiautomaat;0;EE;Harju maakond;Tallinn;Põhja-Tallinna linnaosa;;Sõle tn;;27;;24.707627;59.438651;;;;;;;Accepts same-day deliveries from Tallinn;;;;2025-05-26T11:40:28.243+03:00
96226;Tallinna Kollase keskuse pakiautomaat;0;EE;Harju maakond;Tallinn;Haabersti linnaosa;;Õismäe tee;;107;;24.63769;59.411587;;;;;;;Accepts same-day deliveries from Tallinn;;;;2025-05-26T11:42:09.527+03:00
96007;Tallinna Kristiine Keskuse pakiautomaat;0;EE;Harju maakond;Tallinn;Kristiine linnaosa;;Endla tn;;45;;24.725468;59.425773;;;;;;;Accepts same-day deliveries from Tallinn;;;;2025-01-17T11:14:29.720+02:00
96162;Tallinna Kärberi Keskuse pakiautomaat;0;EE;Harju maakond;Tallinn;Lasnamäe linnaosa;;K. Kärberi tn;;20;;24.88232;59.445338;;;;;;;Accepts same-day deliveries from Tallinn;;;;2025-01-08T11:31:56.693+02:00
96041;Tallinna Lasnamäe Centrumi pakiautomaat;0;EE;Harju maakond;Tallinn;Lasnamäe linnaosa;;Mustakivi tee;;13;;24.865373;59.440997;;;;;;;Accepts same-day deliveries from Tallinn;;;;2025-01-17T11:22:21.133+02:00
96066;Tallinna Lasnamäe Prisma pakiautomaat;0;EE;Harju maakond;Tallinn;Lasnamäe linnaosa;;Mustakivi tee;;17;;24.863035;59.442965;;;;;;;Accepts same-day deliveries from Tallinn;;;;2025-01-17T13:16:03.807+02:00
96180;Tallinna Lastekodu Grossi pakiautomaat;0;EE;Harju maakond;Tallinn;Kesklinna linnaosa;;Lastekodu tn;;14;;24.768273;59.430299;;;;;;;Accepts same-day deliveries from Tallinn;;;;2025-01-08T11:38:13.793+02:00
96116;Tallinna Linnamäe Maxima XXX pakiautomaat;0;EE;Harju maakond;Tallinn;Lasnamäe linnaosa;;Linnamäe tee;;57;;24.880353;59.450026;;;;;;;Accepts same-day deliveries from Tallinn;;;;2025-01-17T13:46:41.980+02:00
96410;Tallinna Luha 17 pakiautomaat;0;EE;Harju maakond;Tallinn;Kesklinna linnaosa;;Luha tn;;17;;24.735792;59.425399;;;;;;;;;;;2025-05-19T04:00:14.727+03:00
96173;Tallinna Läänemere Selveri pakiautomaat;0;EE;Harju maakond;Tallinn;Lasnamäe linnaosa;;Läänemere tee;;28;;24.874099;59.452606;;;;;;;Accepts same-day deliveries from Tallinn;;;;2025-01-08T11:35:54.987+02:00
96086;Tallinna Magdaleena pakiautomaat;0;EE;Harju maakond;Tallinn;Kesklinna linnaosa;;Pärnu mnt;;106;;24.739149;59.414992;;;;;;;Accepts same-day deliveries from Tallinn;;;;2025-05-26T11:43:15.807+03:00
96056;Tallinna Magistrali Keskuse pakiautomaat;0;EE;Harju maakond;Tallinn;Mustamäe linnaosa;;Sõpruse pst;;201;;24.697046;59.401372;;;;;;;Accepts same-day deliveries from Tallinn;;;;2025-05-22T12:12:56.850+03:00
96098;Tallinna Marienthali keskuse pakiautomaat;0;EE;Harju maakond;Tallinn;Kristiine linnaosa;;Mustamäe tee;;16;;24.697158;59.422699;;;;;;;Accepts same-day deliveries from Tallinn;;;;2025-05-22T12:13:49.137+03:00
96129;Tallinna Merimetsa Selveri pakiautomaat;0;EE;Harju maakond;Tallinn;Põhja-Tallinna linnaosa;;Paldiski mnt;;56;;24.697194;59.430016;;;;;;;Accepts same-day deliveries from Tallinn;;;;2025-05-26T11:45:03.917+03:00
96010;Tallinna Mustakivi Keskuse pakiautomaat;0;EE;Harju maakond;Tallinn;Lasnamäe linnaosa;;Mahtra tn;;1;;24.874044;59.442406;;;;;;;Accepts same-day deliveries from Tallinn;;;;2025-01-17T11:15:33.780+02:00
96141;Tallinna Mustamäe Keskuse pakiautomaat;0;EE;Harju maakond;Tallinn;Mustamäe linnaosa;;A. H. Tammsaare tee;;104a;;24.689152;59.408292;;;;;;;Accepts same-day deliveries from Tallinn;;;;2025-05-28T04:00:14.350+03:00
96115;Tallinna Mustika Keskuse pakiautomaat;0;EE;Harju maakond;Tallinn;Mustamäe linnaosa;;Karjavälja tn;;4;;24.682702;59.41028;;;;;;;Accepts same-day deliveries from Tallinn;;;;2025-05-22T12:15:15.753+03:00
96380;Tallinna Mähe Grossi pakiautomaat;0;EE;Harju maakond;Tallinn;Pirita linnaosa;;Randvere tee;;115;;24.879067;59.490945;;;;;;;Accepts same-day deliveries from Tallinn;;;;2025-01-09T16:20:52.590+02:00
96236;Tallinna Männiku Rimi pakiautomaat;0;EE;Harju maakond;Tallinn;Nõmme linnaosa;;Männiku tee;;100;;24.716356;59.371964;;;;;;;Accepts same-day deliveries from Tallinn;;;;2025-05-26T11:48:34.293+03:00
96174;Tallinna Nautica Keskuse pakiautomaat;0;EE;Harju maakond;Tallinn;Kesklinna linnaosa;;Ahtri tn;;9;;24.762318;59.440763;;;;;;;Accepts same-day deliveries from Tallinn;;;;2025-01-08T11:36:08.560+02:00
96004;Tallinna Nurmenuku pakiautomaat;0;EE;Harju maakond;Tallinn;Haabersti linnaosa;;Ehitajate tee;;107;;24.654758;59.414396;;;;;;;Accepts same-day deliveries from Tallinn;;;;2025-05-26T11:50:36.000+03:00
96327;Tallinna Nõmme tee 23 Maxima X pakiautomaat;0;EE;Harju maakond;Tallinn;Kristiine linnaosa;;Nõmme tee;;23;;24.72136;59.417796;;;;;;;Accepts same-day deliveries from Tallinn;;;;2025-05-22T12:19:49.257+03:00
96101;Tallinna Nõmme turu pakiautomaat;0;EE;Harju maakond;Tallinn;Nõmme linnaosa;;Turu plats;;8;;24.683427;59.388861;;;;;;;Accepts same-day deliveries from Tallinn;;;;2025-05-22T12:22:25.657+03:00
96193;Tallinna Paasiku Grossi pakiautomaat;0;EE;Harju maakond;Tallinn;Lasnamäe linnaosa;;Paasiku tn;;2a;;24.844889;59.448618;;;;;;;Accepts same-day deliveries from Tallinn;;;;2025-01-08T11:44:52.557+02:00
96131;Tallinna Paepargi Maxima XX pakiautomaat;0;EE;Harju maakond;Tallinn;Lasnamäe linnaosa;;Paepargi tn;;57;;24.811635;59.43516;;;;;;;Accepts same-day deliveries from Tallinn;;;;2025-01-17T13:49:41.187+02:00
96146;Tallinna Pallasti pakiautomaat;0;EE;Harju maakond;Tallinn;Lasnamäe linnaosa;;Pallasti tn;;28;;24.79225;59.430188;;;;;;;Accepts same-day deliveries from Tallinn;;;;2025-01-08T10:52:38.280+02:00
96017;Tallinna Pelgulinna Selveri pakiautomaat;0;EE;Harju maakond;Tallinn;Põhja-Tallinna linnaosa;;Sõle tn;;51;;24.700754;59.444612;;;;;;;Accepts same-day deliveries from Tallinn;;;;2025-05-22T12:23:54.530+03:00
96205;Tallinna Pirita Keskuse pakiautomaat;0;EE;Harju maakond;Tallinn;Pirita linnaosa;;Merivälja tee;;24;;24.835133;59.468486;;;;;;;Accepts same-day deliveries from Tallinn;;;;2025-01-08T11:51:02.783+02:00
96012;Tallinna Pirita Selveri pakiautomaat;0;EE;Harju maakond;Tallinn;Pirita linnaosa;;Rummu tee;;4;;24.827687;59.462298;;;;;;;Accepts same-day deliveries from Tallinn;;;;2025-01-17T11:15:48.063+02:00
96083;Tallinna Punane 50 pakiautomaat;0;EE;Harju maakond;Tallinn;Lasnamäe linnaosa;;Punane tn;;50;;24.844177;59.435681;;;;;;;Accepts same-day deliveries from Tallinn;;;;2025-01-17T11:35:21.657+02:00
96304;Tallinna Pärnu mnt 390b Maxima X pakiautomaat;0;EE;Harju maakond;Tallinn;Nõmme linnaosa;;Pärnu mnt;;390;;24.659253;59.380379;;;;;;;Accepts same-day deliveries from Tallinn;;;;2025-05-22T12:25:20.760+03:00
96008;Tallinna Pääsküla RIMI pakiautomaat;0;EE;Harju maakond;Tallinn;Nõmme linnaosa;;Pärnu mnt;;453e;;24.630545;59.360991;;;;;;;Accepts same-day deliveries from Tallinn;;;;2025-05-22T12:27:58.537+03:00
96181;Tallinna Põhja pst Neste pakiautomaat;0;EE;Harju maakond;Tallinn;Põhja-Tallinna linnaosa;;Põhja pst;;17a;;24.743526;59.444468;;;;;;;Accepts same-day deliveries from Tallinn;;;;2025-01-08T11:38:28.757+02:00
96373;Tallinna Rannamõisa Lidl pakiautomaat;0;EE;Harju maakond;Tallinn;Haabersti linnaosa;;Rannamõisa tee;;12a;;24.610681;59.430798;;;;;;;Accepts same-day deliveries from Tallinn;;;;2025-05-26T11:54:51.797+03:00
96084;Tallinna Raudalu Coop Konsumi pakiautomaat;0;EE;Harju maakond;Tallinn;Nõmme linnaosa;;Viljandi mnt;;41a;;24.759516;59.366249;;;;;;;Accepts same-day deliveries from Tallinn;;;;2025-05-26T11:56:01.077+03:00
96005;Tallinna Rocca al Mare pakiautomaat;0;EE;Harju maakond;Tallinn;Haabersti linnaosa;;Paldiski mnt;;102;;24.653359;59.426429;;;;;;;Accepts same-day deliveries from Tallinn;;;;2025-01-17T11:14:01.257+02:00
96009;Tallinna Sikupilli pakiautomaat;0;EE;Harju maakond;Tallinn;Lasnamäe linnaosa;;Tartu mnt;;87b;;24.785391;59.425876;;;;;;;Accepts same-day deliveries from Tallinn;;;;2025-01-17T11:15:10.797+02:00
96080;Tallinna Smuuli Maxima XX pakiautomaat;0;EE;Harju maakond;Tallinn;Lasnamäe linnaosa;;J. Smuuli tee;;9;;24.822486;59.443633;;;;;;;Accepts same-day deliveries from Tallinn;;;;2025-01-17T11:20:06.133+02:00
96406;Tallinna Solaris Keskuse pakiautomaat;0;EE;Harju maakond;Tallinn;Kesklinna linnaosa;;Estonia pst;;9;;24.750785;59.43386;;;;;;;;;;;2025-05-26T11:57:13.780+03:00
96057;Tallinna Stockmanni pakiautomaat;0;EE;Harju maakond;Tallinn;Kesklinna linnaosa;;Liivalaia tn;;53;;24.76118;59.4317;;;;;;;Accepts same-day deliveries from Tallinn;;;;2025-05-26T11:58:23.450+03:00
96154;Tallinna Stroomi Keskuse pakiautomaat;0;EE;Harju maakond;Tallinn;Põhja-Tallinna linnaosa;;Tuulemaa tn;;20;;24.692322;59.446947;;;;;;;Accepts same-day deliveries from Tallinn;;;;2025-05-22T12:33:44.143+03:00
96014;Tallinna Sõpruse Rimi pakiautomaat;0;EE;Harju maakond;Tallinn;Kristiine linnaosa;;Sõpruse pst;;174;;24.707578;59.414724;;;;;;;Accepts same-day deliveries from Tallinn;;;;2025-05-22T12:39:06.983+03:00
96306;Tallinna Sõpruse pst 171 Maxima X pakiautomaat;0;EE;Harju maakond;Tallinn;Mustamäe linnaosa;;Sõpruse pst;;171;;24.704124;59.407356;;;;;;;Accepts same-day deliveries from Tallinn;;;;2025-05-22T12:38:02.503+03:00
96175;Tallinna Sütiste Maxima X pakiautomaat;0;EE;Harju maakond;Tallinn;Mustamäe linnaosa;;J. Sütiste tee;;28;;24.690921;59.397717;;;;;;;Accepts same-day deliveries from Tallinn;;;;2025-05-26T12:00:39.913+03:00
96323;Tallinna T1 Keskuse pakiautomaat;0;EE;Harju maakond;Tallinn;Lasnamäe linnaosa;;Peterburi tee;;2;;24.796426;59.424749;;;;;;;Accepts same-day deliveries from Tallinn;;;;2025-01-08T16:31:38.750+02:00
96372;Tallinna Talleke ja Pullike pakiautomaat;0;EE;Harju maakond;Tallinn;Haabersti linnaosa;;Kakumäe tee;;42;;24.594272;59.443224;;;;;;;Accepts same-day deliveries from Tallinn;;;;2025-01-09T16:17:23.713+02:00
96404;Tallinna Taltech pakiautomaat;0;EE;Harju maakond;Tallinn;Mustamäe linnaosa;;Akadeemia tee;;5a;;24.668283;59.396694;;;;;;;Accepts same-day deliveries from Tallinn;;;;2025-05-26T12:01:55.623+03:00
96305;Tallinna Tammsaare Maxima XX pakiautomaat;0;EE;Harju maakond;Tallinn;Mustamäe linnaosa;;A. H. Tammsaare tee;;133;;24.675657;59.408964;;;;;;;Accepts same-day deliveries from Tallinn;;;;2025-05-26T12:02:55.170+03:00
96214;Tallinna Tammsaare Ärikeskuse pakiautomaat;0;EE;Harju maakond;Tallinn;Kristiine linnaosa;;A. H. Tammsaare tee;;47;;24.716312;59.401454;;;;;;;Accepts same-day deliveries from Tallinn;;;;2025-05-26T12:05:31.997+03:00
96347;Tallinna Tatari 51 pakiautomaat;0;EE;Harju maakond;Tallinn;Kesklinna linnaosa;;Tatari tn;;51;;24.747485;59.424676;;;;;;;Accepts same-day deliveries from Tallinn;;;;2025-05-22T12:42:06.550+03:00
96240;Tallinna Tatari Rimi pakiautomaat;0;EE;Harju maakond;Tallinn;Kesklinna linnaosa;;Tatari tn;;64;;24.744329;59.42523;;;;;;;Accepts same-day deliveries from Tallinn;;;;2025-05-22T12:43:22.793+03:00
96058;Tallinna Telliskivi Rimi pakiautomaat;0;EE;Harju maakond;Tallinn;Põhja-Tallinna linnaosa;;Telliskivi tn;;61;;24.73023;59.441534;;;;;;;Accepts same-day deliveries from Tallinn;;;;2025-05-22T12:44:49.743+03:00
96006;Tallinna Tondi Selveri pakiautomaat;0;EE;Harju maakond;Tallinn;Kristiine linnaosa;;A. H. Tammsaare tee;;62;;24.714367;59.403079;;;;;;;Accepts same-day deliveries from Tallinn;;;;2025-05-22T12:46:03.760+03:00
96194;Tallinna Tondiraba Maxima XX pakiautomaat;0;EE;Harju maakond;Tallinn;Lasnamäe linnaosa;;Tondiraba tn;;7;;24.855714;59.450831;;;;;;;Accepts same-day deliveries from Tallinn;;;;2025-01-08T11:45:09.140+02:00
96038;Tallinna Torupilli Selveri pakiautomaat;0;EE;Harju maakond;Tallinn;Kesklinna linnaosa;;Vesivärava tn;;37;;24.780674;59.432211;;;;;;;Accepts same-day deliveries from Tallinn;;;;2025-05-26T12:07:27.350+03:00
96302;Tallinna Tähesaju Selveri pakiautomaat;0;EE;Harju maakond;Tallinn;Lasnamäe linnaosa;;Tähesaju tee;;1;;24.850299;59.44176;;;;;;;Accepts same-day deliveries from Tallinn;;;;2025-01-08T15:19:22.317+02:00
96185;Tallinna Tööstuse Rimi pakiautomaat;0;EE;Harju maakond;Tallinn;Põhja-Tallinna linnaosa;;Tööstuse tn;;101;;24.704878;59.453357;;;;;;;Accepts same-day deliveries from Tallinn;;;;2025-05-22T12:47:50.567+03:00
96145;Tallinna Valdeku Maxima X pakiautomaat;0;EE;Harju maakond;Tallinn;Nõmme linnaosa;;Valdeku tn;;114;;24.712072;59.376315;;;;;;;Accepts same-day deliveries from Tallinn;;;;2025-05-26T12:08:28.353+03:00
96132;Tallinna Valdeku Selver ABC pakiautomaat;0;EE;Harju maakond;Tallinn;Nõmme linnaosa;;Vabaduse pst;;54b;;24.70096;59.381385;;;;;;;Accepts same-day deliveries from Tallinn;;;;2025-05-22T12:50:45.017+03:00
96215;Tallinna Vikerlase Rimi pakiautomaat;0;EE;Harju maakond;Tallinn;Lasnamäe linnaosa;;Vikerlase tn;;19;;24.843896;59.439263;;;;;;;Accepts same-day deliveries from Tallinn;;;;2025-01-08T11:54:08.377+02:00
96143;Tallinna Vilde tee Maxima XX pakiautomaat;0;EE;Harju maakond;Tallinn;Mustamäe linnaosa;;E. Vilde tee;;75;;24.686321;59.402791;;;;;;;Accepts same-day deliveries from Tallinn;;;;2025-05-26T12:09:40.887+03:00
96104;Tallinna Viru Keskuse bussiterminali pakiautomaat;0;EE;Harju maakond;Tallinn;Kesklinna linnaosa;;Viru väljak;;4;;24.756196;59.436135;;;;;;;Accepts same-day deliveries from Tallinn;;;;2025-01-17T11:43:22.787+02:00
96103;Tallinna Õismäe Maxima XX pakiautomaat;0;EE;Harju maakond;Tallinn;Haabersti linnaosa;;Õismäe tee;;46;;24.6476;59.411406;;;;;;;Accepts same-day deliveries from Tallinn;;;;2025-05-26T12:10:29.993+03:00
96208;Tallinna Ülemiste City Selveri pakiautomaat;0;EE;Harju maakond;Tallinn;Lasnamäe linnaosa;;Sepapaja tn;;2;;24.802435;59.421651;;;;;;;Accepts same-day deliveries from Tallinn;;;;2025-01-08T11:52:07.510+02:00
96059;Tallinna Ümera Maxima XX pakiautomaat;0;EE;Harju maakond;Tallinn;Lasnamäe linnaosa;;Laagna tee;;80;;24.888873;59.444363;;;;;;;Accepts same-day deliveries from Tallinn;;;;2025-01-17T13:12:53.167+02:00
96252;Tammiste Coop Konsumi pakiautomaat;0;EE;Pärnu maakond;Tori vald;Tammiste küla;;Kellukese tee;;2;;24.607759;58.388933;;;;;;;;;;;2025-01-08T12:07:11.837+02:00
96120;Tamsalu Grossi pakiautomaat;0;EE;Lääne-Viru maakond;Tapa vald;Tamsalu linn;;Tehnika tn;;24;;26.112495;59.162278;;;;;;;;;;;2025-01-17T13:47:57.357+02:00
96092;Tapa Grossi pakiautomaat;0;EE;Lääne-Viru maakond;Tapa vald;Tapa linn;;Jaama tn;;1;;25.963418;59.264462;;;;;;;;;;;2025-01-17T11:39:19.567+02:00
96308;Tapa Maxima X pakiautomaat;0;EE;Lääne-Viru maakond;Tapa vald;Tapa linn;;Pikk tn;;33;;25.967518;59.25925;;;;;;;;;;;2025-01-08T15:50:14.377+02:00
96310;Tartu Aardla Selveri pakiautomaat;0;EE;Tartu maakond;Tartu linn;Tartu linn;;Võru tn;;77;;26.72061;58.357237;;;;;;;;;;;2025-01-08T15:50:48.887+02:00
96319;Tartu Anne 40 Maxima X pakiautomaat;0;EE;Tartu maakond;Tartu linn;Tartu linn;;Anne tn;;40;;26.750278;58.378618;;;;;;;;;;;2025-01-08T16:29:24.927+02:00
96126;Tartu Anne Selveri pakiautomaat;0;EE;Tartu maakond;Tartu linn;Tartu linn;;Kalda tee;;43;;26.767025;58.368377;;;;;;;;;;;2025-04-14T11:32:34.583+03:00
96376;Tartu Annelinna Prisma pakiautomaat;0;EE;Tartu maakond;Tartu linn;Tartu linn;;Nõlvaku tn;;2;;26.780246;58.376121;;;;;;;;;;;2025-01-09T16:18:08.203+02:00
96020;Tartu Eedeni pakiautomaat;0;EE;Tartu maakond;Tartu linn;Tartu linn;;Kalda tee;;1c;;26.74993;58.373779;;;;;;;;;;;2025-01-17T11:18:03.683+02:00
96241;Tartu Ilmatsalu Maxima X pakiautomaat;0;EE;Tartu maakond;Tartu linn;Tartu linn;;Ilmatsalu tn;;11;;26.685312;58.378157;;;;;;;;;;;2025-01-08T12:04:31.943+02:00
96213;Tartu Jaamamõisa Selveri pakiautomaat;0;EE;Tartu maakond;Tartu linn;Tartu linn;;Jaama tn;;74;;26.7518;58.381764;;;;;;;;;;;2025-01-08T11:53:37.923+02:00
96402;Tartu Kalda tee Lidl pakiautomaat;0;EE;Tartu maakond;Tartu linn;Tartu linn;;Kalda tee;;29;;26.766449;58.369821;;;;;;;;;;;2025-02-11T09:40:58.557+02:00
96187;Tartu Karete Coop Konsumi pakiautomaat;0;EE;Tartu maakond;Tartu linn;Tartu linn;;Jalaka tn;;34;;26.723677;58.349963;;;;;;;;;;;2025-01-08T11:43:05.253+02:00
96061;Tartu Kesklinna Keskuse pakiautomaat;0;EE;Tartu maakond;Tartu linn;Tartu linn;;Küüni tn;;7;;26.724674;58.37778;;;;;;;;;;;2025-01-17T13:13:21.210+02:00
96068;Tartu Kivilinna Coop Konsumi pakiautomaat;0;EE;Tartu maakond;Tartu linn;Tartu linn;;Jaama tn;;173;;26.764677;58.379741;;;;;;;;;;;2025-01-17T13:16:30.427+02:00
96165;Tartu Kvartali Keskuse pakiautomaat;0;EE;Tartu maakond;Tartu linn;Tartu linn;;Riia tn;;2;;26.728617;58.377425;;;;;;;;;;;2025-01-08T11:32:52.707+02:00
96336;Tartu Kvissentali Coop Konsumi pakiautomaat;0;EE;Tartu maakond;Tartu linn;Tartu linn;;Aruküla tee;;5;;26.709397;58.401681;;;;;;;;;;;2025-01-30T15:06:57.757+02:00
96074;Tartu Lembitu Coop Konsumi pakiautomaat;0;EE;Tartu maakond;Tartu linn;Tartu linn;;Lembitu tn;;2;;26.710051;58.369884;;;;;;;;;;;2025-01-17T11:14:31.397+02:00
96019;Tartu Lõunakeskuse pakiautomaat;0;EE;Tartu maakond;Tartu linn;Tartu linn;;Lääneringtee;;39;;26.677575;58.357881;;;;;;;;;;;2025-01-17T11:17:52.093+02:00
96384;Tartu Maarjamõisa Coop Konsumi pakiautomaat;0;EE;Tartu maakond;Tartu linn;Tartu linn;;Ravila tn;;14d;;26.690013;58.369432;;;;;;;;;;;2025-01-09T16:22:06.587+02:00
96127;Tartu Raadi Maxima XX pakiautomaat;0;EE;Tartu maakond;Tartu linn;Tartu linn;;Narva mnt;;112;;26.730046;58.392111;;;;;;;;;;;2025-01-17T13:49:55.447+02:00
96409;Tartu Raadi Selveri pakiautomaat;0;EE;Tartu maakond;Tartu vald;Raadi alev;;Nõlvakaare tn;;4;;26.75062;58.408581;;;;;;;;;;;2025-05-16T04:00:14.480+03:00
96357;Tartu Raadimõisa Coop Konsumi pakiautomaat;0;EE;Tartu maakond;Tartu vald;Raadi alev;;Kaupmehe tn;;2;;26.741438;58.402732;;;;;;;;;;;2025-01-30T15:07:21.350+02:00
96087;Tartu Rebase Rimi pakiautomaat;0;EE;Tartu maakond;Tartu linn;Tartu linn;;Rebase tn;;10;;26.739598;58.368418;;;;;;;;;;;2025-01-17T11:36:59.760+02:00
96088;Tartu Ringtee Selveri pakiautomaat;0;EE;Tartu maakond;Tartu linn;Tartu linn;;Aardla tn;;114;;26.68651;58.353271;;;;;;;;;;;2025-01-30T11:15:23.337+02:00
96279;Tartu Ringtee postkontori pakiautomaat;0;EE;Tartu maakond;Tartu linn;Tartu linn;;Võru tn;;167;;26.713438;58.344923;;;;;;;;;;;2025-04-22T16:12:17.280+03:00
96136;Tartu Saare Maxima X pakiautomaat;0;EE;Tartu maakond;Tartu linn;Tartu linn;;Anne tn;;57;;26.756303;58.374869;;;;;;;;;;;2025-01-17T13:48:50.950+02:00
96021;Tartu Sõbrakeskuse pakiautomaat;0;EE;Tartu maakond;Tartu linn;Tartu linn;;Võru tn;;55f;;26.719352;58.364613;;;;;;;;;;;2025-01-17T11:18:15.863+02:00
96039;Tartu Tasku keskuse pakiautomaat;0;EE;Tartu maakond;Tartu linn;Tartu linn;;Turu tn;;2;;26.731127;58.377805;;;;;;;;;;;2025-01-17T11:21:39.763+02:00
96321;Tartu Tuglase Rimi pakiautomaat;0;EE;Tartu maakond;Tartu linn;Tartu linn;;F. Tuglase tn;;19;;26.691803;58.384963;;;;;;;;;;;2025-01-08T16:30:04.680+02:00
96403;Tartu Turu Lidl pakiautomaat;0;EE;Tartu maakond;Tartu linn;Tartu linn;;Turu tn;;25;;26.73787;58.372188;;;;;;;;;;;2025-05-02T10:22:38.050+03:00
96356;Tartu Tähe Rimi pakiautomaat;0;EE;Tartu maakond;Tartu linn;Tartu linn;;Tähe tn;;19;;26.72704;58.370487;;;;;;;;;;;2025-01-09T15:30:38.547+02:00
96022;Tartu Ujula Coop Konsumi pakiautomaat;0;EE;Tartu maakond;Tartu linn;Tartu linn;;Ujula tn;;2;;26.724305;58.386338;;;;;;;;;;;2025-01-17T11:18:34.823+02:00
96309;Tartu Vahi Selveri pakiautomaat;0;EE;Tartu maakond;Tartu linn;Tartu linn;;Vahi tn;;62;;26.720714;58.401578;;;;;;;;;;;2025-01-30T15:06:47.450+02:00
96060;Tartu Veeriku Selveri pakiautomaat;0;EE;Tartu maakond;Tartu linn;Tartu linn;;Vitamiini tn;;1;;26.696707;58.376665;;;;;;;;;;;2025-01-17T13:13:08.877+02:00
96335;Tartu Ülikooli Kliinikumi pakiautomaat;0;EE;Tartu maakond;Tartu linn;Tartu linn;;L. Puusepa tn;;8;;26.701018;58.370012;;;;;;;;;;;2025-01-09T15:23:41.407+02:00
96371;Tilsi pakiautomaat;0;EE;Põlva maakond;Põlva vald;Tilsi küla;;;Külakeskuse;;;27.000463;57.970278;;;;;;;;;;;2025-01-09T16:17:08.177+02:00
96345;Tiskre Prisma pakiautomaat;0;EE;Harju maakond;Harku vald;Tiskre küla;;Liiva tee;;59;;24.56285;59.431678;;;;;;;;;;;2025-05-22T12:55:03.903+03:00
96299;Toila Meie kaupluse pakiautomaat;0;EE;Ida-Viru maakond;Toila vald;Toila alevik;;Pikk tn;;18a;;27.51132;59.418652;;;;;;;;;;;2025-04-03T12:08:26.267+03:00
96339;Tootsi Bussijaama pakiautomaat;0;EE;Pärnu maakond;Põhja-Pärnumaa vald;Tootsi alev;;Kesk tn;;8;;24.785904;58.586405;;;;;;;;;;;2025-02-28T14:29:24.700+02:00
96253;Tori pakiautomaat;0;EE;Pärnu maakond;Tori vald;Tori alevik;;Pärnu mnt;;21;;24.806484;58.478425;;;;;;;;;;;2025-01-08T12:07:35.640+02:00
96121;Torma Coop kaupluse pakiautomaat;0;EE;Jõgeva maakond;Jõgeva vald;Torma alevik;;Kesk tn;;1a;;26.739472;58.819233;;;;;;;;;;;2025-01-17T13:48:13.717+02:00
96296;Tsirguliina pakiautomaat;0;EE;Valga maakond;Valga vald;Tsirguliina alevik;;Nooruse tn;;1;;26.191459;57.864481;;;;;;;;;;;2025-01-08T11:21:51.080+02:00
96369;Tsooru pakiautomaat;0;EE;Võru maakond;Antsla vald;Tsooru küla;;;Tsooru rahvamaja;;;26.649236;57.743043;;;;;;;;;;;2025-01-09T16:16:35.683+02:00
96223;Turba kaupluse pakiautomaat;0;EE;Harju maakond;Saue vald;Turba alevik;;Jaama tee;;8;;24.236498;59.08076;;;;;;;;;;;2025-01-08T11:56:22.717+02:00
96053;Tõrva Tikste Coop pakiautomaat;0;EE;Valga maakond;Tõrva vald;Tõrva linn;;Viljandi tn;;28;;25.914401;58.006153;;;;;;;;;;;2025-01-17T13:11:18.287+02:00
96178;Tõrvandi Coop Konsumi pakiautomaat;0;EE;Tartu maakond;Kambja vald;Tõrvandi alevik;;Müürsepa tn;;1;;26.710412;58.32299;;;;;;;;;;;2025-01-30T15:05:53.797+02:00
96269;Tõstamaa pakiautomaat;0;EE;Pärnu maakond;Pärnu linn;Tõstamaa alevik;;Varbla mnt;;2;;23.994145;58.334591;;;;;;;;;;;2025-01-08T12:12:30.717+02:00
96052;Türi Maxima X pakiautomaat;0;EE;Järva maakond;Türi vald;Türi linn;;Viljandi tn;;10;;25.427857;58.806201;;;;;;;;;;;2025-01-17T13:11:04.277+02:00
96333;Uhtna kaupluse pakiautomaat;0;EE;Lääne-Viru maakond;Rakvere vald;Uhtna alevik;;Mõisa tn;;1;;26.566442;59.394385;;;;;;;;;;;2025-01-09T15:23:02.487+02:00
96164;Uuemõisa Coop Konsumi pakiautomaat;0;EE;Lääne maakond;Haapsalu linn;Uuemõisa alevik;;Tallinna mnt;;84;;23.582103;58.940535;;;;;;;;;;;2025-01-08T11:32:30.453+02:00
96244;Vaida Coop kaupluse pakiautomaat;0;EE;Harju maakond;Rae vald;Vaida alevik;;Vana-Vaida tee;;3;;24.976579;59.285559;;;;;;;;;;;2025-05-26T12:16:10.697+03:00
96392;Valga Kungla Coop Konsumi pakiautomaat;0;EE;Valga maakond;Valga vald;Valga linn;;Kungla tn;;37b;;26.054757;57.779094;;;;;;;;;;;2025-01-09T16:24:26.127+02:00
96042;Valga Maxima XX pakiautomaat;0;EE;Valga maakond;Valga vald;Valga linn;;Jaama pst;;2b;;26.04414;57.774392;;;;;;;;;;;2025-01-17T11:22:34.517+02:00
96227;Valga Siili Coop Konsumi pakiautomaat;0;EE;Valga maakond;Valga vald;Valga linn;;A. Neulandi tn;;2;;26.036743;57.778822;;;;;;;;;;;2025-01-08T11:58:03.837+02:00
96275;Valjala pakiautomaat;0;EE;Saare maakond;Saaremaa vald;Valjala alevik;;Posti tn;;27;;22.791494;58.409434;;;;;;;;;;;2025-01-08T10:49:58.817+02:00
96263;Varbla pakiautomaat;0;EE;Pärnu maakond;Lääneranna vald;Varbla küla;;;Vallamaja;;;23.753469;58.430154;;;;;;;;;;;2025-01-08T12:10:41.417+02:00
96322;Vastse-Kuuste Coop kaupluse pakiautomaat;0;EE;Põlva maakond;Põlva vald;Vastse-Kuuste alevik;;Kesktänav;;16;;26.932567;58.166303;;;;;;;;;;;2025-01-08T16:31:20.457+02:00
96358;Vastseliina Coop Konsumi pakiautomaat;0;EE;Võru maakond;Võru vald;Vastseliina alevik;;Võidu tn;;21;;27.284066;57.731708;;;;;;;;;;;2025-01-09T15:31:12.213+02:00
96272;Veriora pakiautomaat;0;EE;Põlva maakond;Räpina vald;Veriora alevik;;Räpina mnt;;2;;27.347572;58.004384;;;;;;;;;;;2025-01-08T12:13:07.753+02:00
96341;Veskimöldre Keskuse pakiautomaat;0;EE;Harju maakond;Saue vald;Alliku küla;;Instituudi tee;;132;;24.602127;59.357643;;;;;;;;;;;2025-05-26T12:11:23.297+03:00
96407;Viimsi Grossi pakiautomaat;0;EE;Harju maakond;Viimsi vald;Haabneeme alevik;;Kaluri tee;;3;;24.827899;59.509946;;;;;;;;;;;2025-02-11T09:42:14.177+02:00
96013;Viimsi Kaubanduskeskuse pakiautomaat;0;EE;Harju maakond;Viimsi vald;Haabneeme alevik;;Randvere tee;;6;;24.830353;59.506255;;;;;;;Accepts same-day deliveries from Tallinn;;;;2025-01-17T11:16:00.997+02:00
96124;Viimsi Pärnamäe Rimi pakiautomaat;0;EE;Harju maakond;Viimsi vald;Laiaküla;;Lilleoru tee;;4;;24.905474;59.462159;;;;;;;Accepts same-day deliveries from Tallinn;;;;2025-04-11T04:00:14.380+03:00
96209;Viimsi Rimi pakiautomaat;0;EE;Harju maakond;Viimsi vald;Haabneeme alevik;;Randvere tee;;9;;24.827405;59.50565;;;;;;;Accepts same-day deliveries from Tallinn;;;;2025-01-08T11:52:24.063+02:00
96293;Viiratsi pakiautomaat;0;EE;Viljandi maakond;Viljandi vald;Viiratsi alevik;;Tiigi tn;;4;;25.638808;58.358411;;;;;;;;;;;2025-01-08T10:57:31.133+02:00
96032;Viljandi Bussijaama pakiautomaat;0;EE;Viljandi maakond;Viljandi linn;;;Ilmarise tn;;1;;25.598762;58.369069;;;;;;;;;;;2025-01-21T13:45:50.157+02:00
96070;Viljandi Coop Maksimarketi pakiautomaat;0;EE;Viljandi maakond;Viljandi linn;;;Lääne tn;;2;;25.583602;58.370767;;;;;;;;;;;2025-01-21T13:47:32.780+02:00
96398;Viljandi Kaare Meie kaupluse pakiautomaat;0;EE;Viljandi maakond;Viljandi linn;;;Suur-Kaare tn;;68;;25.576622;58.373658;;;;;;;;;;;2025-01-10T11:06:47.187+02:00
96284;Viljandi Männimäe Maksimarketi pakiautomaat;0;EE;Viljandi maakond;Viljandi linn;;;Puidu tn;;2;;25.579124;58.347918;;;;;;;;;;;2025-01-08T10:53:38.457+02:00
96063;Viljandi Männimäe Selveri pakiautomaat;0;EE;Viljandi maakond;Viljandi linn;;;Riia mnt;;35;;25.583844;58.353149;;;;;;;;;;;2025-01-21T13:46:50.510+02:00
96313;Viljandi Tallinna 60 Maxima X pakiautomaat;0;EE;Viljandi maakond;Viljandi linn;;;Tallinna tn;;60;;25.598342;58.376873;;;;;;;;;;;2025-01-08T16:23:18.200+02:00
96312;Viljandi Vaksali Maxima X pakiautomaat;0;EE;Viljandi maakond;Viljandi linn;;;Vaksali tn;;11b;;25.582792;58.361858;;;;;;;;;;;2025-01-08T15:53:40.420+02:00
96149;Vinni Spordikompleksi pakiautomaat;0;EE;Lääne-Viru maakond;Vinni vald;Vinni alevik;;Sõpruse tn;;16;;26.426515;59.28992;;;;;;;;;;;2025-01-08T10:56:16.973+02:00
96264;Virtsu pakiautomaat;0;EE;Pärnu maakond;Lääneranna vald;Virtsu alevik;;Tallinna mnt;;13;;23.515292;58.572253;;;;;;;;;;;2025-01-08T12:11:19.077+02:00
96329;Viru-Nigula pakiautomaat;0;EE;Lääne-Viru maakond;Viru-Nigula vald;Viru-Nigula alevik;;Kirikaia tn;;2;;26.689319;59.447138;;;;;;;;;;;2025-01-09T15:21:55.253+02:00
91999;Vormsi pakiväljastus;0;EE;Lääne maakond;Vormsi vald;Hullo küla;;;Poe;;;23.243318;58.992369;;;;;;;;;;;2024-03-20T09:00:57.693+02:00
96107;Väike-Maarja Grossi pakiautomaat;0;EE;Lääne-Viru maakond;Väike-Maarja vald;Väike-Maarja alevik;;Pikk tn;;9;;26.252251;59.129914;;;;;;;;;;;2025-01-17T13:30:17.350+02:00
96348;Vändra Coop Konsumi pakiautomaat;0;EE;Pärnu maakond;Põhja-Pärnumaa vald;Vändra alev;;Pärnu-Paide mnt;;21;;25.038198;58.654165;;;;;;;;;;;2025-01-09T15:27:55.507+02:00
96168;Vändra Koidula Coop Konsumi pakiautomaat;0;EE;Pärnu maakond;Põhja-Pärnumaa vald;Vändra alev;;Vana tn;;60;;25.040318;58.65187;;;;;;;;;;;2025-01-08T11:33:53.200+02:00
96350;Värska pakiautomaat;0;EE;Võru maakond;Setomaa vald;Värska alevik;;Pikk tn;;12;;27.633564;57.95787;;;;;;;;;;;2025-01-09T15:28:37.143+02:00
96377;Vääna pakiautomaat;0;EE;Harju maakond;Harku vald;Vääna küla;;Viljapuuaia tee;;1;;24.413534;59.391493;;;;;;;;;;;2025-01-15T12:37:53.313+02:00
96325;Vääna-Jõesuu kauplus Maksis pakiautomaat;0;EE;Harju maakond;Harku vald;Vääna-Jõesuu küla;;;11390 Tallinn-Rannamõisa-Kloogaranna maantee;;;24.367251;59.432923;;;;;;;;;;;2025-01-15T12:31:34.573+02:00
96297;Väätsa pakiautomaat;0;EE;Järva maakond;Türi vald;Väätsa alevik;;Pikk tn;;3;;25.451935;58.890171;;;;;;;;;;;2025-01-08T11:22:23.617+02:00
96246;Võhma Bussijaama pakiautomaat;0;EE;Viljandi maakond;Põhja-Sakala vald;Võhma linn;;Tallinna tn;;17;;25.557505;58.630963;;;;;;;;;;;2025-01-08T12:05:33.083+02:00
96349;Võnnu kultuurimaja pakiautomaat;0;EE;Tartu maakond;Kastre vald;Võnnu alevik;;Tartu tn;;24;;27.047651;58.283765;;;;;;;;;;;2025-01-09T15:28:17.810+02:00
96035;Võru Coop Maksimarketi pakiautomaat;0;EE;Võru maakond;Võru linn;;;Jüri tn;;83;;27.010698;57.835449;;;;;;;;;;;2025-01-17T11:20:45.677+02:00
96064;Võru Maxima XX pakiautomaat;0;EE;Võru maakond;Võru linn;;;Kooli tn;;2;;27.004566;57.847977;;;;;;;;;;;2025-01-17T13:15:36.360+02:00
96314;Võru kesklinna Circle K pakiautomaat;0;EE;Võru maakond;Võru linn;;;Jüri tn;;45;;27.00698;57.842166;;;;;;;;;;;2025-01-08T16:23:37.303+02:00
96298;Võsu pakiautomaat;0;EE;Lääne-Viru maakond;Haljala vald;Võsu alevik;;Mere tn;;63;;25.960492;59.576111;;;;;;;;;;;2025-01-08T11:22:50.847+02:00
96177;Ülenurme Coop Konsumi pakiautomaat;0;EE;Tartu maakond;Kambja vald;Ülenurme alevik;;Võru mnt;;2;;26.721831;58.315165;;;;;;;;;;;2025-01-30T15:06:04.697+02:00
